"Product ID";Obraz;Nazwa;Indeks;Kategoria;"Cena (netto)";"Cena (brutto)";Ilość;Wyświetlany;Pozycja
1630;https://localhost/prestashop/img/p/1/6/0/8/1608.jpg;"Lampa Kinkiet Edison Loft";;KINKIETY;39.000000;47.97;90;0
1631;https://localhost/prestashop/img/p/1/6/0/9/1609.jpg;"Lampa Aluminiowa Nowoczesny Kwadratowy Kinkiet";;KINKIETY;55.000000;67.65;90;0
1632;https://localhost/prestashop/img/p/1/6/1/0/1610.jpg;"Nowoczesna Lampa Kinkiet Loft Miedź Chrom";;KINKIETY;39.000000;47.97;90;0
1633;https://localhost/prestashop/img/p/1/6/1/1/1611.jpg;"Nowoczesna Lampa Sufitowa Plafon Kinkiet Reflektor";;KINKIETY;179.000000;220.17;90;0
1634;https://localhost/prestashop/img/p/1/6/1/2/1612.jpg;"Lampa Kinkiet Chrom Edison Loft";;KINKIETY;43.900000;54;90;0
1635;https://localhost/prestashop/img/p/1/6/1/3/1613.jpg;"Lampa Kinkiet z Abażurem";;KINKIETY;59.000000;72.57;90;0
1636;https://localhost/prestashop/img/p/1/6/1/4/1614.jpg;"Lampa Kinkiet Ball na Led Plafon Kula";;KINKIETY;39.000000;47.97;90;0
1637;https://localhost/prestashop/img/p/1/6/1/5/1615.jpg;"Nowoczesny Kinkiet Industrialny Różne Klosze";;KINKIETY;59.000000;72.57;90;0
1638;https://localhost/prestashop/img/p/1/6/1/6/1616.jpg;"Lampa Sufitowa Plafon Kinkiet Reflektor";;KINKIETY;299.000000;367.77;90;0
1639;https://localhost/prestashop/img/p/1/6/1/7/1617.jpg;"Nowoczesny Kinkiet Wiszący Lampa Ścienna Loft";;KINKIETY;65.000000;79.95;90;0
1640;https://localhost/prestashop/img/p/1/6/1/8/1618.jpg;"Oryginalna Lampa Kinkiet Diament Materiał";;KINKIETY;59.000000;72.57;90;0
1641;https://localhost/prestashop/img/p/1/6/1/9/1619.jpg;"Lampa Kinkiet Plafon Reflektor";;KINKIETY;109.000000;134.07;90;0
1642;https://localhost/prestashop/img/p/1/6/2/0/1620.jpg;"Kinkiet Loft Kula Chrom";;KINKIETY;104.400000;128.41;90;0
1643;https://localhost/prestashop/img/p/1/6/2/1/1621.jpg;"Stylowy Kinkiet Chrom";;KINKIETY;59.000000;72.57;90;0
1644;https://localhost/prestashop/img/p/1/6/2/2/1622.jpg;"Stylowy Kinkiet z Chromowanymi Elementami";;KINKIETY;52.000000;63.96;90;0
1645;https://localhost/prestashop/img/p/1/6/2/3/1623.jpg;"Lampa Kinkiet Szklany Klosz Wiele Kolorów";;KINKIETY;29.000000;35.67;90;0
1646;https://localhost/prestashop/img/p/1/6/2/4/1624.jpg;"Kinkiet Loft Lampa Ścienna Miedź Różne Klosze";;KINKIETY;59.000000;72.57;90;0
1647;https://localhost/prestashop/img/p/1/6/2/5/1625.jpg;"Kinkiet Kula Regulowany Różne Kolory";;KINKIETY;39.000000;47.97;90;0
1648;https://localhost/prestashop/img/p/1/6/2/6/1626.jpg;"Kinkiet Loft Lampa Ścienna Chrom Różne Klosze";;KINKIETY;59.000000;72.57;90;0
1649;https://localhost/prestashop/img/p/1/6/2/7/1627.jpg;"Klasyczny Kinkiet Chrom";;KINKIETY;50.000000;61.5;90;0
1650;https://localhost/prestashop/img/p/1/6/2/8/1628.jpg;"Oryginalna Lampa Kinkiet w Stylu Retro Loft Edison";;KINKIETY;89.000000;109.47;90;0
1651;https://localhost/prestashop/img/p/1/6/2/9/1629.jpg;"Kinkiet Chrom Drut Nowoczesny Lampa";;KINKIETY;59.000000;72.57;90;0
1652;https://localhost/prestashop/img/p/1/6/3/0/1630.jpg;"Asymetryczna Lampa Kinkiet z Metalu Nowoczesna";;KINKIETY;69.000000;84.87;90;0
1653;https://localhost/prestashop/img/p/1/6/3/1/1631.jpg;"Lampa Ścienna Kinkiet z Abażurami";;KINKIETY;109.000000;134.07;90;0
1654;https://localhost/prestashop/img/p/1/6/3/2/1632.jpg;"Klasyczny Kinkiet Przegub Czarny Biały";;KINKIETY;52.000000;63.96;90;0
1655;https://localhost/prestashop/img/p/1/6/3/3/1633.jpg;"Kinkiet Industrialny Miedź Lampa na Ścianę";;KINKIETY;39.000000;47.97;90;0
1656;https://localhost/prestashop/img/p/1/6/3/4/1634.jpg;"Kinkiet z Chromowanymi Elementami Szklany Klosz";;KINKIETY;45.000000;55.35;90;0
1657;https://localhost/prestashop/img/p/1/6/3/5/1635.jpg;"Kinkiet w Stylu Loft Lampa Ścienna";;KINKIETY;39.000000;47.97;90;0
1658;https://localhost/prestashop/img/p/1/6/3/6/1636.jpg;"Kinkiet Chrom ze Szklanym Kloszem";;KINKIETY;55.000000;67.65;90;0
1659;https://localhost/prestashop/img/p/1/6/3/7/1637.jpg;"Kinkiet Chrom Regulowany Szklany Klosz";;KINKIETY;52.000000;63.96;90;0
1660;https://localhost/prestashop/img/p/1/6/3/8/1638.jpg;"Lampa Kinkiet Miedź Edison Loft";;KINKIETY;49.000000;60.27;90;0
1661;https://localhost/prestashop/img/p/1/6/3/9/1639.jpg;"Lampa Kinkiet Ball Chrom Plafon";;KINKIETY;50.000000;61.5;90;0
1662;https://localhost/prestashop/img/p/1/6/4/0/1640.jpg;"Stylowy Kinkiet z Abażurem Różne Kolory";;KINKIETY;59.000000;72.57;90;0
1663;https://localhost/prestashop/img/p/1/6/4/1/1641.jpg;"Stylowy Kinkiet Lampa Ścienna Metal Trzy Kolory";;KINKIETY;49.000000;60.27;90;0
1664;https://localhost/prestashop/img/p/1/6/4/2/1642.jpg;"Nowoczesny Kinkiet Czarny Chrom Lampa na Ścianę";;KINKIETY;49.000000;60.27;90;0
1665;https://localhost/prestashop/img/p/1/6/4/3/1643.jpg;"Lampa Plafon Kinkiet Ruchomy Stylowy";;KINKIETY;49.000000;60.27;90;0
1666;https://localhost/prestashop/img/p/1/6/4/4/1644.jpg;"Nowoczesny Kinkiet z Abażurem Lampa na Ścianę";;KINKIETY;59.000000;72.57;90;0
1667;https://localhost/prestashop/img/p/1/6/4/5/1645.jpg;"Kinkiet Nowoczesny z Abażurem Wiele Kolorów Lampa";;KINKIETY;59.000000;72.57;90;0
1668;https://localhost/prestashop/img/p/1/6/4/6/1646.jpg;"Nowoczesny Kinkiet Lampa z Abażurem Chrom";;KINKIETY;79.000000;97.17;90;0
1669;https://localhost/prestashop/img/p/1/6/4/7/1647.jpg;"Stylowy Kinkiet z Abażurem Wiele Kolorów";;KINKIETY;59.000000;72.57;90;0
1670;https://localhost/prestashop/img/p/1/6/4/8/1648.jpg;"Kinkiet z Abażurem Złoty Środek Metal Lampa";;KINKIETY;75.000000;92.25;90;0
1671;https://localhost/prestashop/img/p/1/6/4/9/1649.jpg;"Elegancki Kinkiet Chrom ze Szklanym Kloszem";;KINKIETY;55.000000;67.65;90;0
1672;https://localhost/prestashop/img/p/1/6/5/0/1650.jpg;"Kinkiet Lampa Ścienna Loft Złote Elementy";;KINKIETY;49.000000;60.27;90;0
1673;https://localhost/prestashop/img/p/1/6/5/1/1651.jpg;"Nowoczesny Kinkiet w Loftowym Stylu Typu Druciak";;KINKIETY;69.000000;84.87;90;0
1674;https://localhost/prestashop/img/p/1/6/5/2/1652.jpg;"Stylowy Klosz Szklany do Lamp E14";;"AKCESORIA DO LAMP";11.000000;13.53;90;0
1675;https://localhost/prestashop/img/p/1/6/5/3/1653.jpg;"Kwadratowy Klosz Szklany Oprawka E14";;"AKCESORIA DO LAMP";9.000000;11.07;90;0
1676;https://localhost/prestashop/img/p/1/6/5/4/1654.jpg;"Szklany Klosz Metalowa Ramka Chrom E27";;"AKCESORIA DO LAMP";15.000000;18.45;90;0
1677;https://localhost/prestashop/img/p/1/6/5/5/1655.jpg;"Szklany Stylowy Klosz do Lamp Oprawka E27 Kwadrat";;"AKCESORIA DO LAMP";15.000000;18.45;90;0
1678;https://localhost/prestashop/img/p/1/6/5/6/1656.jpg;"Klosz ze Szkła Owalny E27 Chrom Metal Ramka";;"AKCESORIA DO LAMP";15.000000;18.45;90;0
1679;https://localhost/prestashop/img/p/1/6/5/7/1657.jpg;"Klasyczny Klosz Szklany Biały Lampy E27";;"AKCESORIA DO LAMP";15.000000;18.45;90;0
1680;https://localhost/prestashop/img/p/1/6/5/8/1658.jpg;"Klosz E27 Szklany we Wzory Stylowy do Lamp";;"AKCESORIA DO LAMP";15.000000;18.45;90;0
1681;https://localhost/prestashop/img/p/1/6/5/9/1659.jpg;"Szklany Klosz do Lamp Designerski E27 Oprawka";;"AKCESORIA DO LAMP";17.000000;20.91;90;0
1682;https://localhost/prestashop/img/p/1/6/6/0/1660.jpg;"Klosz Szklany w Stylowe Paski Wzory Szkło E27 Lampy";;"AKCESORIA DO LAMP";15.000000;18.45;90;0
1683;https://localhost/prestashop/img/p/1/6/6/1/1661.jpg;"Klosz Wzory Szklany Biały Kwiatki E27 do Lamp";;"AKCESORIA DO LAMP";15.000000;18.45;90;0
1684;https://localhost/prestashop/img/p/1/6/6/2/1662.jpg;"Klosz we Wzory Szklany Owalny E27";;"AKCESORIA DO LAMP";15.000000;18.45;90;0
1685;https://localhost/prestashop/img/p/1/6/6/3/1663.jpg;"Szklany Klosz E27 w Szare Wzory do Lampy";;"AKCESORIA DO LAMP";15.000000;18.45;90;0
1686;https://localhost/prestashop/img/p/1/6/6/4/1664.jpg;"Klosz ze Szkła Owalny E27 do Lampy Designerski";;"AKCESORIA DO LAMP";15.000000;18.45;90;0
1687;https://localhost/prestashop/img/p/1/6/6/5/1665.jpg;"Klosz Metalowy Loft E27 Druciany Designerski";;"AKCESORIA DO LAMP";19.900000;24.48;90;0
1688;https://localhost/prestashop/img/p/1/6/6/6/1666.jpg;"Nowoczesny Klosz Industrialny Metalowy E27 do Lamp";;"AKCESORIA DO LAMP";19.900000;24.48;90;0
1689;https://localhost/prestashop/img/p/1/6/6/7/1667.jpg;"Metalowy Klosz w Stylu Loft do Lamp E27";;"AKCESORIA DO LAMP";19.900000;24.48;90;0
1690;https://localhost/prestashop/img/p/1/6/6/8/1668.jpg;"Klosz Metalowy Drut E27 Loft";;"AKCESORIA DO LAMP";19.900000;24.48;90;0
1691;https://localhost/prestashop/img/p/1/6/6/9/1669.jpg;"Klosz Metalowy Drut Nowoczesny Loft do Lamp E27";;"AKCESORIA DO LAMP";19.900000;24.48;90;0
1692;https://localhost/prestashop/img/p/1/6/7/0/1670.jpg;"Lampa Stojąca z Abażurem Trójnóg Podłogowa";;"LAMPY PODŁOGOWE";199.000000;244.77;90;0
1693;https://localhost/prestashop/img/p/1/6/7/1/1671.jpg;"Lampa Stojąca z Abażurem Drewniana LED Wiele Kolorów";;"LAMPY PODŁOGOWE";199.000000;244.77;90;0
1694;https://localhost/prestashop/img/p/1/6/7/2/1672.jpg;"Lampka Nocna Stojąca z Abażurem";;"LAMPY PODŁOGOWE";89.100000;109.59;90;0
1695;https://localhost/prestashop/img/p/1/6/7/3/1673.jpg;"Lampa Stojąca z Abażurem Podłogowa";;"LAMPY PODŁOGOWE";139.000000;170.97;90;0
1696;https://localhost/prestashop/img/p/1/6/7/4/1674.jpg;"Lampa Stojąca Drewno Różne Kolory Abażur";;"LAMPY PODŁOGOWE";259.000000;318.57;90;0
1697;https://localhost/prestashop/img/p/1/6/7/5/1675.jpg;"Nowoczesna Lampka Nocna Biurkowa";;"LAMPY PODŁOGOWE";75.000000;92.25;90;0
1698;https://localhost/prestashop/img/p/1/6/7/6/1676.jpg;"Lampa Stojąca Abażur Różne Wzory";;"LAMPY PODŁOGOWE";129.000000;158.67;90;0
1699;https://localhost/prestashop/img/p/1/6/7/7/1677.jpg;"Nowoczesna Lampa Nocna z Abażurem Stojąca";;"LAMPY PODŁOGOWE";149.000000;183.27;90;0
1700;https://localhost/prestashop/img/p/1/6/7/8/1678.jpg;"Lampa Stojąca Podłogowa Trójnóg z Abażurem Chrom";;"LAMPY PODŁOGOWE";239.000000;293.97;90;0
1701;https://localhost/prestashop/img/p/1/6/7/9/1679.jpg;"Lampa Podłogowa z Abażurem Różne Wzory";;"LAMPY PODŁOGOWE";129.000000;158.67;90;0
1702;https://localhost/prestashop/img/p/1/6/8/0/1680.jpg;"Lampa Stojąca Trójnóg z Abażurem";;"LAMPY PODŁOGOWE";269.000000;330.87;90;0
1703;https://localhost/prestashop/img/p/1/6/8/1/1681.jpg;"Stylowa Lampka Nocna Biurkowa Abażur Diament";;"LAMPY PODŁOGOWE";89.000000;109.47;90;0
1704;https://localhost/prestashop/img/p/1/6/8/2/1682.jpg;"Nowoczesna Lampka Nocna Stołowa Trójnóg do Sypialni";;"LAMPY PODŁOGOWE";89.000000;109.47;90;0
1705;https://localhost/prestashop/img/p/1/6/8/3/1683.jpg;"Lampka Nocna Nowoczesna Abażur Diament Loft";;"LAMPY PODŁOGOWE";59.000000;72.57;90;0
1706;https://localhost/prestashop/img/p/1/6/8/4/1684.jpg;"Lampka Nocna Loft do Sypialni Abażur Stożek";;"LAMPY PODŁOGOWE";59.000000;72.57;90;0
1707;https://localhost/prestashop/img/p/1/6/8/5/1685.jpg;"Lampa Stojąca w Stylu Loft Metalowa Edison";;"LAMPY PODŁOGOWE";145.000000;178.35;90;0
1708;https://localhost/prestashop/img/p/1/6/8/6/1686.jpg;"Lampa Podłogowa Industrialna z Metalu Loft";;"LAMPY PODŁOGOWE";145.000000;178.35;90;0
1709;https://localhost/prestashop/img/p/1/6/8/7/1687.jpg;"Modna Lampa Stojąca Podłogowa Loft Metalowa Edison";;"LAMPY PODŁOGOWE";145.000000;178.35;90;0
1710;https://localhost/prestashop/img/p/1/6/8/8/1688.jpg;"Lampa Podłogowa Stojąca z Abażurem 35 cm LED";;"LAMPY PODŁOGOWE";149.000000;183.27;90;0
1711;https://localhost/prestashop/img/p/1/6/8/9/1689.jpg;"Klasyczna Lampa Podłogowa Stojąca LED Abażur 40 cm";;"LAMPY PODŁOGOWE";149.000000;183.27;90;0
1712;https://localhost/prestashop/img/p/1/6/9/0/1690.jpg;"Klasyczna Lampa Stojąca Podłogowa z Abażurem";;"LAMPY PODŁOGOWE";119.000000;146.37;90;0
1713;https://localhost/prestashop/img/p/1/6/9/1/1691.jpg;"Nowoczesna Lampa Stojąca z Abażurem Złoty Środek";;"LAMPY PODŁOGOWE";189.000000;232.47;90;0
1714;https://localhost/prestashop/img/p/1/6/9/2/1692.jpg;"Lampa Stojąca Drewniana Trójnóg Abażur ze Złotym Wnętrzem";;"LAMPY PODŁOGOWE";229.000000;281.67;90;0
1715;https://localhost/prestashop/img/p/1/6/9/3/1693.jpg;"Lampa Stojąca Metalowa z Abażurem Złoty Środek";;"LAMPY PODŁOGOWE";199.000000;244.77;90;0
1716;https://localhost/prestashop/img/p/1/6/9/4/1694.jpg;"Lampa Podłogowa Drewniana Stojąca Trójnóg z Abażurem";;"LAMPY PODŁOGOWE";239.000000;293.97;90;0
1717;https://localhost/prestashop/img/p/1/6/9/5/1695.jpg;"Nowoczesna Lampa Stojąca Dziecięca Abażur we Wzory";;"LAMPY PODŁOGOWE";159.000000;195.57;90;0
1718;https://localhost/prestashop/img/p/1/6/9/6/1696.jpg;"Lampa Stojąca Podłogowa z Abażurem w Kolorowe Wzory";;"LAMPY PODŁOGOWE";199.000000;244.77;90;0
1719;https://localhost/prestashop/img/p/1/6/9/7/1697.jpg;"Lampa Stojąca z Abażurem Kolorowa Nowoczesna LED";;"LAMPY PODŁOGOWE";149.000000;183.27;90;0
1720;https://localhost/prestashop/img/p/1/6/9/8/1698.jpg;"Lampka Nocna z Abażurem w Stylu Loft";;"LAMPY PODŁOGOWE";49.000000;60.27;90;0
1721;https://localhost/prestashop/img/p/1/6/9/9/1699.jpg;"Lampka Nocna w Stylu Loftowym Kształt Diament";;"LAMPY PODŁOGOWE";49.000000;60.27;90;0
1722;https://localhost/prestashop/img/p/1/7/0/0/1700.jpg;"Lampa Wisząca Loft Miedź Chrom";;"LAMPY SUFITOWE";129.000000;158.67;90;0
1723;https://localhost/prestashop/img/p/1/7/0/1/1701.jpg;"Lampa Sufitowa Plafon Abażury Diament";;"LAMPY SUFITOWE";99.000000;121.77;90;0
1724;https://localhost/prestashop/img/p/1/7/0/2/1702.jpg;"Lampa Wisząca Sufitowa Edison Loft";;"LAMPY SUFITOWE";109.000000;134.07;90;0
1725;https://localhost/prestashop/img/p/1/7/0/3/1703.jpg;"Lampa Sufitowa Plafon Kwadrat Stylowa Aluminiowa";;"LAMPY SUFITOWE";50.000000;61.5;90;0
1726;https://localhost/prestashop/img/p/1/7/0/4/1704.jpg;"Lampa Nowoczesna Wisząca Kule Ball";;"LAMPY SUFITOWE";159.000000;195.57;90;0
1727;https://localhost/prestashop/img/p/1/7/0/5/1705.jpg;"Lampa Wisząca Regulowana Abażur Diament LED";;"LAMPY SUFITOWE";129.000000;158.67;90;0
1728;https://localhost/prestashop/img/p/1/7/0/6/1706.jpg;"Kolorowa Lampa Wisząca Edison Loft";;"LAMPY SUFITOWE";95.000000;116.85;90;0
1729;https://localhost/prestashop/img/p/1/7/0/7/1707.jpg;"Nowoczesna Lampa Sufitowa Loft Czarna Biała";;"LAMPY SUFITOWE";135.000000;166.05;90;0
1730;https://localhost/prestashop/img/p/1/7/0/8/1708.jpg;"Lampa Nowoczesna Plafon Sufitowa BALL Spot Chrom";;"LAMPY SUFITOWE";99.000000;121.77;90;0
1731;https://localhost/prestashop/img/p/1/7/0/9/1709.jpg;"Lampa Wisząca Nowoczesna z Abażurem Materiał";;"LAMPY SUFITOWE";199.000000;244.77;90;0
1732;https://localhost/prestashop/img/p/1/7/1/0/1710.jpg;"Lampa Sufitowa Plafon Loft Retro";;"LAMPY SUFITOWE";50.000000;61.5;90;0
1733;https://localhost/prestashop/img/p/1/7/1/1/1711.jpg;"Lampa Sufitowa Chromowana Plafon Kule";;"LAMPY SUFITOWE";179.000000;220.17;90;0
1734;https://localhost/prestashop/img/p/1/7/1/2/1712.jpg;"Nowoczesna Lampa Sufitowa Edison Loft Miedź";;"LAMPY SUFITOWE";129.000000;158.67;90;0
1735;https://localhost/prestashop/img/p/1/7/1/3/1713.jpg;"Lampa Plafon Sufitowa Elegancka";;"LAMPY SUFITOWE";69.000000;84.87;90;0
1736;https://localhost/prestashop/img/p/1/7/1/4/1714.jpg;"Elegancka Lampa Sufitowa Żyrandol Chrom";;"LAMPY SUFITOWE";189.000000;232.47;90;0
1737;https://localhost/prestashop/img/p/1/7/1/5/1715.jpg;"Lampa Sufitowa Plafon Ball Chrom";;"LAMPY SUFITOWE";259.000000;318.57;90;0
1738;https://localhost/prestashop/img/p/1/7/1/6/1716.jpg;"Lampa Wisząca Metalowa Wiele Kolorów";;"LAMPY SUFITOWE";169.000000;207.87;90;0
1739;https://localhost/prestashop/img/p/1/7/1/7/1717.jpg;"Elegancka Lampa Sufitowa Żyrandol Chrom";;"LAMPY SUFITOWE";159.000000;195.57;90;0
1740;https://localhost/prestashop/img/p/1/7/1/8/1718.jpg;"Lampa Wisząca Industrialna Edison Chrom";;"LAMPY SUFITOWE";139.000000;170.97;90;0
1741;https://localhost/prestashop/img/p/1/7/1/9/1719.jpg;"Lampa Wisząca Kolorowe Abażury Żyrandol";;"LAMPY SUFITOWE";249.000000;306.27;90;0
1742;https://localhost/prestashop/img/p/1/7/2/0/1720.jpg;"Lampa Wisząca z Kolorowym Abażurem Żyrandol";;"LAMPY SUFITOWE";189.000000;232.47;90;0
1743;https://localhost/prestashop/img/p/1/7/2/1/1721.jpg;"Stylowa Lampa Sufitowa Wisząca z Abażurami";;"LAMPY SUFITOWE";180.000000;221.4;90;0
1744;https://localhost/prestashop/img/p/1/7/2/2/1722.jpg;"Klasyczna Lampa Sufitowa Chrom Szklane Klosze";;"LAMPY SUFITOWE";169.000000;207.87;90;0
1745;https://localhost/prestashop/img/p/1/7/2/3/1723.jpg;"Lampa Wisząca Kule Kolorowa Metalowa Oprawa";;"LAMPY SUFITOWE";159.000000;195.57;90;0
1746;https://localhost/prestashop/img/p/1/7/2/4/1724.jpg;"Lampa Sufitowa Szklane Klosze Chrom";;"LAMPY SUFITOWE";159.000000;195.57;90;0
1747;https://localhost/prestashop/img/p/1/7/2/5/1725.jpg;"Nowoczesna Lampa Wisząca z Metalową Oprawą";;"LAMPY SUFITOWE";139.000000;170.97;90;0
1748;https://localhost/prestashop/img/p/1/7/2/6/1726.jpg;"Lampa Wisząca Sufitowa Edison Loft";;"LAMPY SUFITOWE";139.000000;170.97;90;0
1749;https://localhost/prestashop/img/p/1/7/2/7/1727.jpg;"Klasyczna Lampa Sufitowa Metalowa Przegub";;"LAMPY SUFITOWE";139.000000;170.97;90;0
1750;https://localhost/prestashop/img/p/1/7/2/8/1728.jpg;"Lampa Sufitowa Chrom Metal Żyrandol";;"LAMPY SUFITOWE";139.000000;170.97;90;0
1751;https://localhost/prestashop/img/p/1/7/2/9/1729.jpg;"Lampa Sufitowa z Chromowanymi Elementami";;"LAMPY SUFITOWE";149.000000;183.27;90;0
1752;https://localhost/prestashop/img/p/1/7/3/0/1730.jpg;"Lampa Sufitowa Żyrandol Chrom Szklane Klosze";;"LAMPY SUFITOWE";129.000000;158.67;90;0
1753;https://localhost/prestashop/img/p/1/7/3/1/1731.jpg;"Lampa wisząca sufitowa ze szklanymi kloszami";;"LAMPY SUFITOWE";125.100000;153.87;90;0
1754;https://localhost/prestashop/img/p/1/7/3/2/1732.jpg;"Lampa Wisząca Chrom ze Szklanymi Kloszami";;"LAMPY SUFITOWE";139.000000;170.97;90;0
1755;https://localhost/prestashop/img/p/1/7/3/3/1733.jpg;"Klasyczna Lampa Sufitowa Szklane Klosze Chrom";;"LAMPY SUFITOWE";125.000000;153.75;90;0
1756;https://localhost/prestashop/img/p/1/7/3/4/1734.jpg;"Lampa Wisząca Edison Wiele Kolorów";;"LAMPY SUFITOWE";119.000000;146.37;90;0
1757;https://localhost/prestashop/img/p/1/7/3/5/1735.jpg;"Lampa Wisząca Edison Chromowana Loft";;"LAMPY SUFITOWE";119.000000;146.37;90;0
1758;https://localhost/prestashop/img/p/1/7/3/6/1736.jpg;"Lampa Wisząca Sufitowa Chrom Szklane Klosze";;"LAMPY SUFITOWE";129.000000;158.67;90;0
1759;https://localhost/prestashop/img/p/1/7/3/7/1737.jpg;"Chromowana Lampa Sufitowa ze Szklanymi Kloszami";;"LAMPY SUFITOWE";129.000000;158.67;90;0
1760;https://localhost/prestashop/img/p/1/7/3/8/1738.jpg;"Nowoczesna Lampa Sufitowa z Chromowanymi Elementami";;"LAMPY SUFITOWE";119.000000;146.37;90;0
1761;https://localhost/prestashop/img/p/1/7/3/9/1739.jpg;"Lampa Ścienna Kinkiet z Abażurami";;"LAMPY SUFITOWE";109.000000;134.07;90;0
1762;https://localhost/prestashop/img/p/1/7/4/0/1740.jpg;"Stylowa Lampa Sufitowa Klosze do Wyboru Żyrandol";;"LAMPY SUFITOWE";109.000000;134.07;90;0
1763;https://localhost/prestashop/img/p/1/7/4/1/1741.jpg;"Klasyczna Lampa z Chromowanymi Elementami Trzy Kolory";;"LAMPY SUFITOWE";98.100000;120.66;90;0
1764;https://localhost/prestashop/img/p/1/7/4/2/1742.jpg;"Lampa Sufitowa na Listwie Chromowanymi Elementami";;"LAMPY SUFITOWE";105.000000;129.15;90;0
1765;https://localhost/prestashop/img/p/1/7/4/3/1743.jpg;"Lampa Wisząca Sufitowa Chrom Elegancka";;"LAMPY SUFITOWE";98.000000;120.54;90;0
1766;https://localhost/prestashop/img/p/1/7/4/4/1744.jpg;"Lampa Chrom Szklane Klosze Żyrandol";;"LAMPY SUFITOWE";109.000000;134.07;90;0
1767;https://localhost/prestashop/img/p/1/7/4/5/1745.jpg;"Lampa Sufitowa z chromowanymi Elementami Szklane Klosze";;"LAMPY SUFITOWE";89.100000;109.59;90;0
1768;https://localhost/prestashop/img/p/1/7/4/6/1746.jpg;"Nowoczesna Lampa Sufitowa Plafon Chrom";;"LAMPY SUFITOWE";98.100000;120.66;90;0
1769;https://localhost/prestashop/img/p/1/7/4/7/1747.jpg;"Klasyczna Lampa Sufitowa Przegub Chrom";;"LAMPY SUFITOWE";80.100000;98.52;90;0
1770;https://localhost/prestashop/img/p/1/7/4/8/1748.jpg;"Lampa Sufitowa Chrom Różne Rodzaje Żyrandol";;"LAMPY SUFITOWE";95.000000;116.85;90;0
1771;https://localhost/prestashop/img/p/1/7/4/9/1749.jpg;"Stylowa Lampa Wisząca Różne Klosze Żyrandol";;"LAMPY SUFITOWE";109.000000;134.07;90;0
1772;https://localhost/prestashop/img/p/1/7/5/0/1750.jpg;"Stylowa Lampa Sufitowa Kule Metalowa";;"LAMPY SUFITOWE";85.000000;104.55;90;0
1773;https://localhost/prestashop/img/p/1/7/5/1/1751.jpg;"Lampa Sufitowa Plafon z Chromowanymi Elementami";;"LAMPY SUFITOWE";95.000000;116.85;90;0
1774;https://localhost/prestashop/img/p/1/7/5/2/1752.jpg;"Nowoczesna Lampa Sufitowa na Listwie Plafon";;"LAMPY SUFITOWE";82.000000;100.86;90;0
1775;https://localhost/prestashop/img/p/1/7/5/3/1753.jpg;"Lampa z Chromowanymi Elementami Żyrandol Plafon";;"LAMPY SUFITOWE";80.000000;98.4;90;0
1776;https://localhost/prestashop/img/p/1/7/5/4/1754.jpg;"Lampa Sufitowa Kule Metalowa Przegub";;"LAMPY SUFITOWE";58.500000;71.96;90;0
1777;https://localhost/prestashop/img/p/1/7/5/5/1755.jpg;"Lampa Sufitowa Plafon Diament z Abażurami";;"LAMPY SUFITOWE";94.500000;116.24;90;0
1778;https://localhost/prestashop/img/p/1/7/5/6/1756.jpg;"Lampa Sufitowa Plafon Diament Abażur";;"LAMPY SUFITOWE";55.000000;67.65;90;0
1779;https://localhost/prestashop/img/p/1/7/5/7/1757.jpg;"Lampa Sufitowa Plafon Różne Kolory Diament Abażury";;"LAMPY SUFITOWE";125.000000;153.75;90;0
1780;https://localhost/prestashop/img/p/1/7/5/8/1758.jpg;"Lampa Sufitowa Plafon Reflektor Różne Kolory";;"LAMPY SUFITOWE";95.000000;116.85;90;0
1781;https://localhost/prestashop/img/p/1/7/5/9/1759.jpg;"Nowoczesna Lampa Kinkiet Plafon 20W";;"LAMPY SUFITOWE";55.000000;67.65;90;0
1782;https://localhost/prestashop/img/p/1/7/6/0/1760.jpg;"Lampa Sufitowa LED Plafon Wiele Kolorów";;"LAMPY SUFITOWE";89.000000;109.47;90;0
1783;https://localhost/prestashop/img/p/1/7/6/1/1761.jpg;"Nowoczesna Lampa LED Sufitowa Plafon Spot";;"LAMPY SUFITOWE";115.000000;141.45;90;0
1784;https://localhost/prestashop/img/p/1/7/6/2/1762.jpg;"Lampa Sufitowa Plafon Spot na Listwie GU10 20W";;"LAMPY SUFITOWE";119.000000;146.37;90;0
1785;https://localhost/prestashop/img/p/1/7/6/3/1763.jpg;"Nowoczesna Lampa Sufitowa Plafon Spot 20W";;"LAMPY SUFITOWE";149.000000;183.27;90;0
1786;https://localhost/prestashop/img/p/1/7/6/4/1764.jpg;"Lampa Sufitowa Plafon Różne Rodzaje 20W LED";;"LAMPY SUFITOWE";89.000000;109.47;90;0
1787;https://localhost/prestashop/img/p/1/7/6/5/1765.jpg;"Lampa Sufitowa Plafon Reflektor";;"LAMPY SUFITOWE";149.000000;183.27;90;0
1788;https://localhost/prestashop/img/p/1/7/6/6/1766.jpg;"Lampa Plafon Reflektor Dwa Kolory";;"LAMPY SUFITOWE";239.000000;293.97;90;0
1789;https://localhost/prestashop/img/p/1/7/6/7/1767.jpg;"NOWOCZESNA LAMPA SUFITOWA PLAFON REFLEKTOR";;"LAMPY SUFITOWE";389.000000;478.47;90;0
1790;https://localhost/prestashop/img/p/1/7/6/8/1768.jpg;"LAMPA LED PLAFON REFLEKTOR ODBŁYŚNIK";;"LAMPY SUFITOWE";329.000000;404.67;90;0
1791;https://localhost/prestashop/img/p/1/7/6/9/1769.jpg;"Lampa Sufitowa z Abażurem Chrom";;"LAMPY SUFITOWE";139.000000;170.97;90;0
1792;https://localhost/prestashop/img/p/1/7/7/0/1770.jpg;"Lampa Sufitowa Plafon z Abażurem Chrom";;"LAMPY SUFITOWE";161.100000;198.15;90;0
1793;https://localhost/prestashop/img/p/1/7/7/1/1771.jpg;"Lampa Sufitowa Plafon Żyrandol Szklany";;"LAMPY SUFITOWE";89.000000;109.47;90;0
1794;https://localhost/prestashop/img/p/1/7/7/2/1772.jpg;"Lampa Wisząca Żyrandol Szkło Plafon";;"LAMPY SUFITOWE";115.000000;141.45;90;0
1795;https://localhost/prestashop/img/p/1/7/7/3/1773.jpg;"Lampa Wisząca ze Szklanym Kloszem Plafon";;"LAMPY SUFITOWE";27.000000;33.21;90;0
1796;https://localhost/prestashop/img/p/1/7/7/4/1774.jpg;"Lampa ze Szklanym Kloszem Sufitowa";;"LAMPY SUFITOWE";65.000000;79.95;90;0
1797;https://localhost/prestashop/img/p/1/7/7/5/1775.jpg;"Lampa Wisząca Sufitowa Plafon Szkło";;"LAMPY SUFITOWE";79.000000;97.17;90;0
1798;https://localhost/prestashop/img/p/1/7/7/6/1776.jpg;"Żyrandol Lampa Plafon Szklany Klosz";;"LAMPY SUFITOWE";99.000000;121.77;90;0
1799;https://localhost/prestashop/img/p/1/7/7/7/1777.jpg;"Nowoczesna Lampa Sufitowa Ball Plafon na LED";;"LAMPY SUFITOWE";89.000000;109.47;90;0
1800;https://localhost/prestashop/img/p/1/7/7/8/1778.jpg;"Nowoczesna Lampa Plafon Sufitowa Ball";;"LAMPY SUFITOWE";69.000000;84.87;90;0
1801;https://localhost/prestashop/img/p/1/7/7/9/1779.jpg;"Lampa Sufitowa Nowoczesna Chrom Plafon Ball";;"LAMPY SUFITOWE";129.000000;158.67;90;0
1802;https://localhost/prestashop/img/p/1/7/8/0/1780.jpg;"Lampa Wisząca Sufitowa Żyrandol Plafon";;"LAMPY SUFITOWE";145.000000;178.35;90;0
1803;https://localhost/prestashop/img/p/1/7/8/1/1781.jpg;"Lampa Wisząca Ball Nowoczesna Kule";;"LAMPY SUFITOWE";139.000000;170.97;90;0
1804;https://localhost/prestashop/img/p/1/7/8/2/1782.jpg;"Lampa Klasyczna Wisząca ze Szklanym Kloszem";;"LAMPY SUFITOWE";95.000000;116.85;90;0
1805;https://localhost/prestashop/img/p/1/7/8/3/1783.jpg;"Lampa Sufitowa Szklany Klosz";;"LAMPY SUFITOWE";115.000000;141.45;90;0
1806;https://localhost/prestashop/img/p/1/7/8/4/1784.jpg;"Oryginalna Lampa Wisząca Oprawa Loft";;"LAMPY SUFITOWE";109.000000;134.07;90;0
1807;https://localhost/prestashop/img/p/1/7/8/5/1785.jpg;"Lampa z Eleganckim Kloszem Chrom Wisząca";;"LAMPY SUFITOWE";75.000000;92.25;90;0
1808;https://localhost/prestashop/img/p/1/7/8/6/1786.jpg;"Nowoczesna Lampa Chrom Wisząca Połysk";;"LAMPY SUFITOWE";125.000000;153.75;90;0
1809;https://localhost/prestashop/img/p/1/7/8/7/1787.jpg;"Wisząca Lampa z Eleganckim Kloszem Chrom";;"LAMPY SUFITOWE";159.000000;195.57;90;0
1810;https://localhost/prestashop/img/p/1/7/8/8/1788.jpg;"Lampa Reflektor Sufitowa Plafon Spot";;"LAMPY SUFITOWE";249.000000;306.27;90;0
1811;https://localhost/prestashop/img/p/1/7/8/9/1789.jpg;"Elegancka Lampa Sufitowa Elementy Chrom";;"LAMPY SUFITOWE";120.000000;147.6;90;0
1812;https://localhost/prestashop/img/p/1/7/9/0/1790.jpg;"Klasyczna Lampa Żyrandol z Elementami Chrom Plafon";;"LAMPY SUFITOWE";145.000000;178.35;90;0
1813;https://localhost/prestashop/img/p/1/7/9/1/1791.jpg;"Lampa Sufitowa Szklane Klosze Plafon";;"LAMPY SUFITOWE";129.000000;158.67;90;0
1814;https://localhost/prestashop/img/p/1/7/9/2/1792.jpg;"Lampa Sufitowa Oryginalna z Elementami Chrom";;"LAMPY SUFITOWE";139.000000;170.97;90;0
1815;https://localhost/prestashop/img/p/1/7/9/3/1793.jpg;"Oryginalna Lampa Loft Edison Miedziana Industrialna";;"LAMPY SUFITOWE";149.000000;183.27;90;0
1816;https://localhost/prestashop/img/p/1/7/9/4/1794.jpg;"Lampa Plafon w Stylu Retro Edison Loft";;"LAMPY SUFITOWE";89.000000;109.47;90;0
1817;https://localhost/prestashop/img/p/1/7/9/5/1795.jpg;"Lampa Wisząca Dekoracyjny Abażur Drut";;"LAMPY SUFITOWE";79.000000;97.17;90;0
1818;https://localhost/prestashop/img/p/1/7/9/6/1796.jpg;"Lampa Klasyczna z Abażurem Wisząca Stylowa";;"LAMPY SUFITOWE";69.000000;84.87;90;0
1819;https://localhost/prestashop/img/p/1/7/9/7/1797.jpg;"Nowoczesna Lampa LOFT Wisząca Retro Diament";;"LAMPY SUFITOWE";129.000000;158.67;90;0
1820;https://localhost/prestashop/img/p/1/7/9/8/1798.jpg;"Oryginalna Lampa Wisząca Nowoczesna Loft";;"LAMPY SUFITOWE";59.000000;72.57;90;0
1821;https://localhost/prestashop/img/p/1/7/9/9/1799.jpg;"Industrialna Lampa Loft Wisząca Nowoczesny Klosz";;"LAMPY SUFITOWE";79.000000;97.17;90;0
1822;https://localhost/prestashop/img/p/1/8/0/0/1800.jpg;"Nowoczesna Lampa Loft Wisząca Oryginalny Klosz";;"LAMPY SUFITOWE";75.000000;92.25;90;0
1823;https://localhost/prestashop/img/p/1/8/0/1/1801.jpg;"Lampa Gwiazda Wisząca Cztery Kolory Oryginalna";;"LAMPY SUFITOWE";65.000000;79.95;90;0
1824;https://localhost/prestashop/img/p/1/8/0/2/1802.jpg;"Lampa Wisząca Oryginalna Miedź Loft";;"LAMPY SUFITOWE";53.100000;65.31;90;0
1825;https://localhost/prestashop/img/p/1/8/0/3/1803.jpg;"Lampa Sufitowa Plafon Aluminiowy Nowoczesny";;"LAMPY SUFITOWE";50.000000;61.5;90;0
1826;https://localhost/prestashop/img/p/1/8/0/4/1804.jpg;"Lampa Sufitowa Plafon Miedziany Loft";;"LAMPY SUFITOWE";50.000000;61.5;90;0
1827;https://localhost/prestashop/img/p/1/8/0/5/1805.jpg;"Lampa Sufitowa Loft Dwa Kolory Oryginalne Klosze";;"LAMPY SUFITOWE";119.000000;146.37;90;0
1828;https://localhost/prestashop/img/p/1/8/0/6/1806.jpg;"Lampa Sufitowa Wisząca Loft Nowoczesna";;"LAMPY SUFITOWE";99.000000;121.77;90;0
1829;https://localhost/prestashop/img/p/1/8/0/7/1807.jpg;"Lampa Sufitowa z Drutu Loft";;"LAMPY SUFITOWE";129.000000;158.67;90;0
1830;https://localhost/prestashop/img/p/1/8/0/8/1808.jpg;"Nowoczesna Lampa Wisząca Loft LED";;"LAMPY SUFITOWE";109.000000;134.07;90;0
1831;https://localhost/prestashop/img/p/1/8/0/9/1809.jpg;"Oryginalna Lampa Wisząca Druciana Loft";;"LAMPY SUFITOWE";119.000000;146.37;90;0
1832;https://localhost/prestashop/img/p/1/8/1/0/1810.jpg;"Nowoczesna Lampa Sufitowa Led Wiele Kloszy";;"LAMPY SUFITOWE";99.000000;121.77;90;0
1833;https://localhost/prestashop/img/p/1/8/1/1/1811.jpg;"Plafon Nowoczesny w Stylu Loft Lampa Ścienna";;"LAMPY SUFITOWE";55.000000;67.65;90;0
1834;https://localhost/prestashop/img/p/1/8/1/2/1812.jpg;"Nowoczesna Lampa Sufitowa LED Chrom Loft";;"LAMPY SUFITOWE";179.000000;220.17;90;0
1835;https://localhost/prestashop/img/p/1/8/1/3/1813.jpg;"Stylowa Lampa Sufitowa Loft Chromowana";;"LAMPY SUFITOWE";139.000000;170.97;90;0
1836;https://localhost/prestashop/img/p/1/8/1/4/1814.jpg;"Nowoczesna Lampa Wisząca Loft Drut LED";;"LAMPY SUFITOWE";169.000000;207.87;90;0
1837;https://localhost/prestashop/img/p/1/8/1/5/1815.jpg;"Stylowa Lampa Sufitowa Loft Miedź";;"LAMPY SUFITOWE";179.000000;220.17;90;0
1838;https://localhost/prestashop/img/p/1/8/1/6/1816.jpg;"Nowoczesna Lampa Wisząca Miedziana Drut Loft";;"LAMPY SUFITOWE";139.000000;170.97;90;0
1839;https://localhost/prestashop/img/p/1/8/1/7/1817.jpg;"Lampa Wisząca Antyczna Żyrandol Elegancka";;"LAMPY SUFITOWE";139.000000;170.97;90;0
1840;https://localhost/prestashop/img/p/1/8/1/8/1818.jpg;"Elegancka Lampa Wisząca Żyrandol Antyczna E27";;"LAMPY SUFITOWE";99.000000;121.77;90;0
1841;https://localhost/prestashop/img/p/1/8/1/9/1819.jpg;"Lampa Chromowana Sufitowa Szklane Klosze";;"LAMPY SUFITOWE";139.000000;170.97;90;0
1842;https://localhost/prestashop/img/p/1/8/2/0/1820.jpg;"Elegancka Lampa Sufitowa Chrom Szklane Klosze";;"LAMPY SUFITOWE";179.100000;220.29;90;0
1843;https://localhost/prestashop/img/p/1/8/2/1/1821.jpg;"Nowoczesna Lampa Sufitowa Chromowana";;"LAMPY SUFITOWE";149.000000;183.27;90;0
1844;https://localhost/prestashop/img/p/1/8/2/2/1822.jpg;"Nowoczesna Lampa Żyrandol Chrom";;"LAMPY SUFITOWE";229.000000;281.67;90;0
1845;https://localhost/prestashop/img/p/1/8/2/3/1823.jpg;"Stylowa Lampa Sufitowa Metal Dwa Kolory";;"LAMPY SUFITOWE";129.000000;158.67;90;0
1846;https://localhost/prestashop/img/p/1/8/2/4/1824.jpg;"Lampa Wisząca Żyrandol LED Czarna Biała";;"LAMPY SUFITOWE";179.000000;220.17;90;0
1847;https://localhost/prestashop/img/p/1/8/2/5/1825.jpg;"Lampa Loft Sufitowa Trzy Kolory";;"LAMPY SUFITOWE";99.000000;121.77;90;0
1848;https://localhost/prestashop/img/p/1/8/2/6/1826.jpg;"Lampa Wisząca Dekoracyjna Industrialna";;"LAMPY SUFITOWE";129.000000;158.67;90;0
1849;https://localhost/prestashop/img/p/1/8/2/7/1827.jpg;"Lampa Wisząca Loft Miedź Nowoczesna";;"LAMPY SUFITOWE";99.000000;121.77;90;0
1850;https://localhost/prestashop/img/p/1/8/2/8/1828.jpg;"Lampa Sufitowa Industrialna Miedź Dwa Kolory";;"LAMPY SUFITOWE";129.000000;158.67;90;0
1851;https://localhost/prestashop/img/p/1/8/2/9/1829.jpg;"Lampa Wisząca Chromowana Druciane Klosze";;"LAMPY SUFITOWE";155.000000;190.65;90;0
1852;https://localhost/prestashop/img/p/1/8/3/0/1830.jpg;"Lampa Sufitowa Nowoczesna Chromowana";;"LAMPY SUFITOWE";209.000000;257.07;90;0
1853;https://localhost/prestashop/img/p/1/8/3/1/1831.jpg;"Lampa Wisząca Nowoczesna z Abażurami LED";;"LAMPY SUFITOWE";159.000000;195.57;90;0
1854;https://localhost/prestashop/img/p/1/8/3/2/1832.jpg;"Lampa Sufitowa Żyrandol Chrom Szklane Klosze";;"LAMPY SUFITOWE";139.000000;170.97;90;0
1855;https://localhost/prestashop/img/p/1/8/3/3/1833.jpg;"Nowoczesna Lampa Sufitowa Metal Chrom Żyrandol";;"LAMPY SUFITOWE";199.000000;244.77;90;0
1856;https://localhost/prestashop/img/p/1/8/3/4/1834.jpg;"Lampa Wisząca Pojedyncza Kula Chrom";;"LAMPY SUFITOWE";99.000000;121.77;90;0
1857;https://localhost/prestashop/img/p/1/8/3/5/1835.jpg;"Klasyczna Lampa Wisząca Do Kuchni";;"LAMPY SUFITOWE";49.000000;60.27;90;0
1858;https://localhost/prestashop/img/p/1/8/3/6/1836.jpg;"Lampa Sufitowa na Listwie z Abażurami";;"LAMPY SUFITOWE";119.000000;146.37;90;0
1859;https://localhost/prestashop/img/p/1/8/3/7/1837.jpg;"Lampa Sufitowa Plafon Abażury LED";;"LAMPY SUFITOWE";109.000000;134.07;90;0
1860;https://localhost/prestashop/img/p/1/8/3/8/1838.jpg;"Nowoczesna Lampa Wisząca Regulowana Abażury";;"LAMPY SUFITOWE";119.000000;146.37;90;0
1861;https://localhost/prestashop/img/p/1/8/3/9/1839.jpg;"Lampa z Abażurami Plafon E27 Różne Kolory";;"LAMPY SUFITOWE";139.000000;170.97;90;0
1862;https://localhost/prestashop/img/p/1/8/4/0/1840.jpg;"Lampa w Stylu Loft Nowoczesna Klosze Metal";;"LAMPY SUFITOWE";99.000000;121.77;90;0
1863;https://localhost/prestashop/img/p/1/8/4/1/1841.jpg;"Klasyczna Lampa Wisząca z Abażurami";;"LAMPY SUFITOWE";149.000000;183.27;90;0
1864;https://localhost/prestashop/img/p/1/8/4/2/1842.jpg;"Lampa Sufitowa Plafon Loft Nowoczesna";;"LAMPY SUFITOWE";99.000000;121.77;90;0
1865;https://localhost/prestashop/img/p/1/8/4/3/1843.jpg;"Lampa Sufitowa Żyrandol Kolorowe Abażury";;"LAMPY SUFITOWE";130.000000;159.9;90;0
1866;https://localhost/prestashop/img/p/1/8/4/4/1844.jpg;"Lampa Abażur Diament Plafon Wiele Kolorów";;"LAMPY SUFITOWE";99.000000;121.77;90;0
1867;https://localhost/prestashop/img/p/1/8/4/5/1845.jpg;"Lampa Sufitowa Nowoczesna Plafon Metal";;"LAMPY SUFITOWE";89.000000;109.47;90;0
1868;https://localhost/prestashop/img/p/1/8/4/6/1846.jpg;"Lampa Sufitowa na Listwie Regulowana Nowoczesna";;"LAMPY SUFITOWE";119.000000;146.37;90;0
1869;https://localhost/prestashop/img/p/1/8/4/7/1847.jpg;"Lampa Sufitowa Nowoczesna Żyrandol LED";;"LAMPY SUFITOWE";119.000000;146.37;90;0
1870;https://localhost/prestashop/img/p/1/8/4/8/1848.jpg;"Lampa Sufitowa Metalowa Wisząca Nowoczesna";;"LAMPY SUFITOWE";119.000000;146.37;90;0
1871;https://localhost/prestashop/img/p/1/8/4/9/1849.jpg;"Lampa Sufitowa Nowoczesna Czarna Ruchoma";;"LAMPY SUFITOWE";99.000000;121.77;90;0
1872;https://localhost/prestashop/img/p/1/8/5/0/1850.jpg;"Czarna Lampa Sufitowa Nowoczesna Plafon LED";;"LAMPY SUFITOWE";119.000000;146.37;90;0
1873;https://localhost/prestashop/img/p/1/8/5/1/1851.jpg;"Lampa Sufitowa Żyrandol Nowoczesny Regulacja Kloszy";;"LAMPY SUFITOWE";139.000000;170.97;90;0
1874;https://localhost/prestashop/img/p/1/8/5/2/1852.jpg;"Lampa Plafon Kinkiet Ruchomy Stylowy";;"LAMPY SUFITOWE";49.000000;60.27;90;0
1875;https://localhost/prestashop/img/p/1/8/5/3/1853.jpg;"Lampa Wisząca Sufitowa Loft Zwis Metalowa E27 drut";;"LAMPY SUFITOWE";59.000000;72.57;90;0
1876;https://localhost/prestashop/img/p/1/8/5/4/1854.jpg;"Lampa Wisząca Loft Metalowa Klosze Dekoracyjne";;"LAMPY SUFITOWE";119.000000;146.37;90;0
1877;https://localhost/prestashop/img/p/1/8/5/5/1855.jpg;"Nowoczesna Lampa Wisząca Loft Diament Metal Dwa Kolory";;"LAMPY SUFITOWE";149.000000;183.27;90;0
1878;https://localhost/prestashop/img/p/1/8/5/6/1856.jpg;"Nowoczesna Lampa Wisząca z Abażurem Metalowa Dekoracja";;"LAMPY SUFITOWE";99.000000;121.77;90;0
1879;https://localhost/prestashop/img/p/1/8/5/7/1857.jpg;"Lampa Industrialna Regulowana Metalowa Wisząca";;"LAMPY SUFITOWE";149.000000;183.27;90;0
1880;https://localhost/prestashop/img/p/1/8/5/8/1858.jpg;"Lampa Wisząca z Abażurem Kolorowa Nowoczesna";;"LAMPY SUFITOWE";49.980000;61.48;90;0
1881;https://localhost/prestashop/img/p/1/8/5/9/1859.jpg;"Nowoczesna Lampa wisząca Duży Abażur";;"LAMPY SUFITOWE";59.980000;73.78;90;0
1882;https://localhost/prestashop/img/p/1/8/6/0/1860.jpg;"Lampa Wisząca Pojedyncza Styl Loft Czarna";;"LAMPY SUFITOWE";29.890000;36.76;90;0
1883;https://localhost/prestashop/img/p/1/8/6/1/1861.jpg;"Lampa Pojedyncza Wisząca w Stylu Loft Nowoczesna";;"LAMPY SUFITOWE";33.490000;41.19;90;0
1884;https://localhost/prestashop/img/p/1/8/6/2/1862.jpg;"Designerska Lampa Wisząca Loft Metalowa Czarna";;"LAMPY SUFITOWE";48.990000;60.26;90;0
1885;https://localhost/prestashop/img/p/1/8/6/3/1863.jpg;"Lampa Sufitowa Dziecięcy Żyrandol z Abażurami Regulowany";;"LAMPY SUFITOWE";119.000000;146.37;90;0
1886;https://localhost/prestashop/img/p/1/8/6/4/1864.jpg;"Lampa Wisząca na Listwie Sufitowa Abażury";;"LAMPY SUFITOWE";99.000000;121.77;90;0
1887;https://localhost/prestashop/img/p/1/8/6/5/1865.jpg;"Lampa Wisząca z Abażurem Klasyczna Regulowana";;"LAMPY SUFITOWE";49.990000;61.49;90;0
1888;https://localhost/prestashop/img/p/1/8/6/6/1866.jpg;"Lampa Wisząca Sufitowa z Abażurem Nowoczesna Pojedyncza";;"LAMPY SUFITOWE";49.990000;61.49;90;0
1889;https://localhost/prestashop/img/p/1/8/6/7/1867.jpg;"Lampa Wisząca Żyrandol Regulowana Abażury";;"LAMPY SUFITOWE";125.000000;153.75;90;0
1890;https://localhost/prestashop/img/p/1/8/6/8/1868.jpg;"Lampa Wisząca Nowoczesna na Listwie Abażury Sufitowa";;"LAMPY SUFITOWE";99.000000;121.77;90;0
1891;https://localhost/prestashop/img/p/1/8/6/9/1869.jpg;"Lampa Wisząca Pojedyncza Regulowana Nowoczesna Abażur";;"LAMPY SUFITOWE";69.000000;84.87;90;0
1892;https://localhost/prestashop/img/p/1/8/7/0/1870.jpg;"Lampa Regulowana Wisząca Sufitowa Abażur Materiał";;"LAMPY SUFITOWE";79.000000;97.17;90;0
1893;https://localhost/prestashop/img/p/1/8/7/1/1871.jpg;"Nowoczesna Lampa Wisząca z Abażurem Żarówka";;"LAMPY SUFITOWE";69.000000;84.87;90;0
1894;https://localhost/prestashop/img/p/1/8/7/2/1872.jpg;"Lampa Wisząca Sufitowa Abażur Pojedyncza Regulacja";;"LAMPY SUFITOWE";69.000000;84.87;90;0
1895;https://localhost/prestashop/img/p/1/8/7/3/1873.jpg;"Lampa z Abażurem Wisząca Nowoczesna Wiele Kolorów";;"LAMPY SUFITOWE";79.000000;97.17;90;0
1896;https://localhost/prestashop/img/p/1/8/7/4/1874.jpg;"Lampa Wisząca Dziecięca Abażur Wiele Wzorów";;"LAMPY SUFITOWE";59.000000;72.57;90;0
1897;https://localhost/prestashop/img/p/1/8/7/5/1875.jpg;"Lampa Wisząca Nowoczesna Modne Abażury";;"LAMPY SUFITOWE";59.000000;72.57;90;0
1898;https://localhost/prestashop/img/p/1/8/7/6/1876.jpg;"Lampa Wisząca Sufitowa Abażur w Modne Wzory Regulacja";;"LAMPY SUFITOWE";69.000000;84.87;90;0
1899;https://localhost/prestashop/img/p/1/8/7/7/1877.jpg;"Lampa Wisząca z Abażurem w Tropikalne Wzory Nowoczesna";;"LAMPY SUFITOWE";79.000000;97.17;90;0
1900;https://localhost/prestashop/img/p/1/8/7/8/1878.jpg;"Lampa Wisząca Nowoczesna Abażur Kwiaty Koronka";;"LAMPY SUFITOWE";79.000000;97.17;90;0
1901;https://localhost/prestashop/img/p/1/8/7/9/1879.jpg;"Nowoczesna Lampa Dziecięca z Abażurem Pająk";;"LAMPY SUFITOWE";69.000000;84.87;90;0
1902;https://localhost/prestashop/img/p/1/8/8/0/1880.jpg;"Lampa Wisząca do Pokoju Dziecka Abażur Nowoczesna";;"LAMPY SUFITOWE";109.000000;134.07;90;0
1903;https://localhost/prestashop/img/p/1/8/8/1/1881.jpg;"Lampa Wisząca Żyrandol z Abażurami do Pokoju Dziecka";;"LAMPY SUFITOWE";169.000000;207.87;90;0
1904;https://localhost/prestashop/img/p/1/8/8/2/1882.jpg;"Lampa Wisząca Sufitowa dla Dzieci Żyrandol z Abażurami";;"LAMPY SUFITOWE";209.000000;257.07;90;0
1905;https://localhost/prestashop/img/p/1/8/8/3/1883.jpg;"Lampa Wisząca Pająk z Abażurami w Dziecięce Wzory Żyrandol";;"LAMPY SUFITOWE";224.100000;275.64;90;0
1906;https://localhost/prestashop/img/p/1/8/8/4/1884.jpg;"Lampa Sufitowa Wisząca z Abażurem Pojedyncza";;"LAMPY SUFITOWE";69.000000;84.87;90;0
1907;https://localhost/prestashop/img/p/1/8/8/5/1885.jpg;"Nowoczesna Lampa Wisząca Pająk z Abażurami Żyrandol";;"LAMPY SUFITOWE";109.000000;134.07;90;0
1908;https://localhost/prestashop/img/p/1/8/8/6/1886.jpg;"Lampa Wisząca Żyrandol z Abażurami Designerska Sufitowa";;"LAMPY SUFITOWE";169.000000;207.87;90;0
1909;https://localhost/prestashop/img/p/1/8/8/7/1887.jpg;"Lampa Wisząca z Abażurami Nowoczesny Żyrandol";;"LAMPY SUFITOWE";209.000000;257.07;90;0
1910;https://localhost/prestashop/img/p/1/8/8/8/1888.jpg;"Nowoczesna Lampa Wisząca Abażury Diament Żyrandol";;"LAMPY SUFITOWE";249.000000;306.27;90;0
1911;https://localhost/prestashop/img/p/1/8/8/9/1889.jpg;"Lampa Wisząca Loft Pojedyncza Metalowa Edison";;"LAMPY SUFITOWE";29.990000;36.89;90;0
1912;https://localhost/prestashop/img/p/1/8/9/0/1890.jpg;"Lampa Wisząca Pojedyncza Industrialna Druciany Klosz";;"LAMPY SUFITOWE";39.990000;49.19;90;0
1913;https://localhost/prestashop/img/p/1/8/9/1/1891.jpg;"Industrialna Lampa Wisząca Sufitowa Diament Loft";;"LAMPY SUFITOWE";77.990000;95.93;90;0
1914;https://localhost/prestashop/img/p/1/8/9/2/1892.jpg;"Lampa Wisząca Żyrandol Loft Metalowe Klosze";;"LAMPY SUFITOWE";97.490000;119.91;90;0
1915;https://localhost/prestashop/img/p/1/8/9/3/1893.jpg;"Lampa Wisząca Loft Regulowana Metal Diament";;"LAMPY SUFITOWE";124.990000;153.74;90;0
1916;https://localhost/prestashop/img/p/1/8/9/4/1894.jpg;"Lampa Wisząca Abażur Chrom Wiele Kolorów";;"LAMPY Z ABAŻURAMI";79.000000;97.17;90;0
1917;https://localhost/prestashop/img/p/1/8/9/5/1895.jpg;"Lampa Stojąca z Abażurem Trójnóg Podłogowa";;"LAMPY Z ABAŻURAMI";199.000000;244.77;90;0
1918;https://localhost/prestashop/img/p/1/8/9/6/1896.jpg;"Lampa Stojąca z Abażurem Drewniana LED Wiele Kolorów";;"LAMPY Z ABAŻURAMI";199.000000;244.77;90;0
1919;https://localhost/prestashop/img/p/1/8/9/7/1897.jpg;"Lampa Sufitowa Plafon Abażury Diament";;"LAMPY Z ABAŻURAMI";99.000000;121.77;90;0
1920;https://localhost/prestashop/img/p/1/8/9/8/1898.jpg;"Lampa Wisząca z Abażurem Biały Środek 50 cm";;"LAMPY Z ABAŻURAMI";129.000000;158.67;90;0
1921;https://localhost/prestashop/img/p/1/8/9/9/1899.jpg;"Lampa Wisząca Regulowana Abażur Diament LED";;"LAMPY Z ABAŻURAMI";129.000000;158.67;90;0
1922;https://localhost/prestashop/img/p/1/9/0/0/1900.jpg;"Lampa Wisząca z Abażurem Zwis Kolorowa";;"LAMPY Z ABAŻURAMI";75.000000;92.25;90;0
1923;https://localhost/prestashop/img/p/1/9/0/1/1901.jpg;"Lampa Kinkiet z Abażurem";;"LAMPY Z ABAŻURAMI";59.000000;72.57;90;0
1924;https://localhost/prestashop/img/p/1/9/0/2/1902.jpg;"Lampa Wisząca Nowoczesna z Abażurem Materiał";;"LAMPY Z ABAŻURAMI";199.000000;244.77;90;0
1925;https://localhost/prestashop/img/p/1/9/0/3/1903.jpg;"Lampka Nocna Stojąca z Abażurem";;"LAMPY Z ABAŻURAMI";89.100000;109.59;90;0
1926;https://localhost/prestashop/img/p/1/9/0/4/1904.jpg;"Lampa Wisząca Rożne Rodzaje Diament";;"LAMPY Z ABAŻURAMI";112.500000;138.38;90;0
1927;https://localhost/prestashop/img/p/1/9/0/5/1905.jpg;"Nowoczesna Lampa Wisząca Abażur Wiele Kolorów";;"LAMPY Z ABAŻURAMI";139.000000;170.97;90;0
1928;https://localhost/prestashop/img/p/1/9/0/6/1906.jpg;"Lampa Wisząca z Abażurem Diament Materiał";;"LAMPY Z ABAŻURAMI";62.100000;76.38;90;0
1929;https://localhost/prestashop/img/p/1/9/0/7/1907.jpg;"Lampa Sufitowa na Listwie z Abażurami";;"LAMPY Z ABAŻURAMI";119.000000;146.37;90;0
1930;https://localhost/prestashop/img/p/1/9/0/8/1908.jpg;"Oryginalna Lampa Kinkiet Diament Materiał";;"LAMPY Z ABAŻURAMI";59.000000;72.57;90;0
1931;https://localhost/prestashop/img/p/1/9/0/9/1909.jpg;"Lampa Wisząca z Abażurem Dziecięce Wzory";;"LAMPY Z ABAŻURAMI";47.700000;58.67;90;0
1932;https://localhost/prestashop/img/p/1/9/1/0/1910.jpg;"Lampa Wisząca z Abażurem Różne Kolory";;"LAMPY Z ABAŻURAMI";185.000000;227.55;90;0
1933;https://localhost/prestashop/img/p/1/9/1/1/1911.jpg;"Lampa Wisząca z Kolorowym Abażurem Żyrandol";;"LAMPY Z ABAŻURAMI";189.000000;232.47;90;0
1934;https://localhost/prestashop/img/p/1/9/1/2/1912.jpg;"Stylowa Lampa Sufitowa Wisząca z Abażurami";;"LAMPY Z ABAŻURAMI";180.000000;221.4;90;0
1935;https://localhost/prestashop/img/p/1/9/1/3/1913.jpg;"Stylowa Lampa Wisząca Abażur Klasyczna";;"LAMPY Z ABAŻURAMI";135.000000;166.05;90;0
1936;https://localhost/prestashop/img/p/1/9/1/4/1914.jpg;"Pojedyncza Lampa Wisząca Abażur Wiele Kolorów";;"LAMPY Z ABAŻURAMI";99.000000;121.77;90;0
1937;https://localhost/prestashop/img/p/1/9/1/5/1915.jpg;"Lampa Wisząca Abażur w Kwiaty";;"LAMPY Z ABAŻURAMI";99.000000;121.77;90;0
1938;https://localhost/prestashop/img/p/1/9/1/6/1916.jpg;"Lampa Wisząca z Podwójnym Abażurem";;"LAMPY Z ABAŻURAMI";80.100000;98.52;90;0
1939;https://localhost/prestashop/img/p/1/9/1/7/1917.jpg;"Pojedyncza Lampa Wisząca Abażur w Kratkę";;"LAMPY Z ABAŻURAMI";79.000000;97.17;90;0
1940;https://localhost/prestashop/img/p/1/9/1/8/1918.jpg;"Lampa Wisząca z Abażurem Linki do Wyboru";;"LAMPY Z ABAŻURAMI";79.000000;97.17;90;0
1941;https://localhost/prestashop/img/p/1/9/1/9/1919.jpg;"Lampa Wisząca z Abażurem Abstrakcyjny Wzór";;"LAMPY Z ABAŻURAMI";53.000000;65.19;90;0
1942;https://localhost/prestashop/img/p/1/9/2/0/1920.jpg;"Lampa Wisząca Abażur Chevron Zygzak Zwis";;"LAMPY Z ABAŻURAMI";53.000000;65.19;90;0
1943;https://localhost/prestashop/img/p/1/9/2/1/1921.jpg;"Lampa Wisząca Abażur Dziecięce Wzory";;"LAMPY Z ABAŻURAMI";53.000000;65.19;90;0
1944;https://localhost/prestashop/img/p/1/9/2/2/1922.jpg;"Lampa Wisząca Abażur do Kuchni";;"LAMPY Z ABAŻURAMI";53.000000;65.19;90;0
1945;https://localhost/prestashop/img/p/1/9/2/3/1923.jpg;"Lampa Sufitowa Plafon Diament z Abażurami";;"LAMPY Z ABAŻURAMI";94.500000;116.24;90;0
1946;https://localhost/prestashop/img/p/1/9/2/4/1924.jpg;"Lampa Wisząca Sufitowa Diament Abażury";;"LAMPY Z ABAŻURAMI";109.000000;134.07;90;0
1947;https://localhost/prestashop/img/p/1/9/2/5/1925.jpg;"Lampa Sufitowa Plafon Diament Abażur";;"LAMPY Z ABAŻURAMI";55.000000;67.65;90;0
1948;https://localhost/prestashop/img/p/1/9/2/6/1926.jpg;"Lampa Sufitowa Plafon Różne Kolory Diament Abażury";;"LAMPY Z ABAŻURAMI";125.000000;153.75;90;0
1949;https://localhost/prestashop/img/p/1/9/2/7/1927.jpg;"Lampa Wisząca z Abażurem Plisa";;"LAMPY Z ABAŻURAMI";129.000000;158.67;90;0
1950;https://localhost/prestashop/img/p/1/9/2/8/1928.jpg;"Lampa Wisząca LED Chrom z Abażurem";;"LAMPY Z ABAŻURAMI";111.200000;136.78;90;0
1951;https://localhost/prestashop/img/p/1/9/2/9/1929.jpg;"Lampa Sufitowa z Abażurem Chrom";;"LAMPY Z ABAŻURAMI";139.000000;170.97;90;0
1952;https://localhost/prestashop/img/p/1/9/3/0/1930.jpg;"Lampa Sufitowa Plafon z Abażurem Chrom";;"LAMPY Z ABAŻURAMI";161.100000;198.15;90;0
1953;https://localhost/prestashop/img/p/1/9/3/1/1931.jpg;"Lampa Stojąca Abażur Plisa Trójnóg";;"LAMPY Z ABAŻURAMI";229.000000;281.67;90;0
1954;https://localhost/prestashop/img/p/1/9/3/2/1932.jpg;"Lampa Wisząca z Abażurem Nowoczesna Stylowa";;"LAMPY Z ABAŻURAMI";99.000000;121.77;90;0
1955;https://localhost/prestashop/img/p/1/9/3/3/1933.jpg;"Nowoczesna Lampa Nocna z Abażurem Stojąca";;"LAMPY Z ABAŻURAMI";149.000000;183.27;90;0
1956;https://localhost/prestashop/img/p/1/9/3/4/1934.jpg;"Lampa Stojąca Podłogowa Trójnóg z Abażurem Chrom";;"LAMPY Z ABAŻURAMI";239.000000;293.97;90;0
1957;https://localhost/prestashop/img/p/1/9/3/5/1935.jpg;"Elegancka Lampa Wisząca z Abażurem Złoty Środek";;"LAMPY Z ABAŻURAMI";145.000000;178.35;90;0
1958;https://localhost/prestashop/img/p/1/9/3/6/1936.jpg;"Stylowa Lampa Wisząca Abażur Miedź Środek";;"LAMPY Z ABAŻURAMI";145.000000;178.35;90;0
1959;https://localhost/prestashop/img/p/1/9/3/7/1937.jpg;"Lampa Wisząca z Abażurem Srebrny Środek";;"LAMPY Z ABAŻURAMI";145.000000;178.35;90;0
1960;https://localhost/prestashop/img/p/1/9/3/8/1938.jpg;"Nowoczesna Lampa Wisząca Złoty Środek Abażur 50 cm";;"LAMPY Z ABAŻURAMI";199.000000;244.77;90;0
1961;https://localhost/prestashop/img/p/1/9/3/9/1939.jpg;"Nowoczesna Lampa Wisząca Abażur Miedziany Środek";;"LAMPY Z ABAŻURAMI";199.000000;244.77;90;0
1962;https://localhost/prestashop/img/p/1/9/4/0/1940.jpg;"Stylowa Lampa Wisząca z Abażurem Srebrne Wnętrze";;"LAMPY Z ABAŻURAMI";199.000000;244.77;90;0
1963;https://localhost/prestashop/img/p/1/9/4/1/1941.jpg;"Lampa Stojąca Drewno Różne Kolory Abażur";;"LAMPY Z ABAŻURAMI";259.000000;318.57;90;0
1964;https://localhost/prestashop/img/p/1/9/4/2/1942.jpg;"Lampa Wisząca Nowoczesna z Abażurami LED";;"LAMPY Z ABAŻURAMI";159.000000;195.57;90;0
1965;https://localhost/prestashop/img/p/1/9/4/3/1943.jpg;"Nowoczesna Lampa Wisząca Abażur Diament";;"LAMPY Z ABAŻURAMI";49.000000;60.27;90;0
1966;https://localhost/prestashop/img/p/1/9/4/4/1944.jpg;"Stylowy Kinkiet z Abażurem Różne Kolory";;"LAMPY Z ABAŻURAMI";59.000000;72.57;90;0
1967;https://localhost/prestashop/img/p/1/9/4/5/1945.jpg;"Lampa Sufitowa Plafon Abażury LED";;"LAMPY Z ABAŻURAMI";109.000000;134.07;90;0
1968;https://localhost/prestashop/img/p/1/9/4/6/1946.jpg;"Nowoczesna Lampa Wisząca Regulowana Abażury";;"LAMPY Z ABAŻURAMI";119.000000;146.37;90;0
1969;https://localhost/prestashop/img/p/1/9/4/7/1947.jpg;"Lampa z Abażurami Plafon E27 Różne Kolory";;"LAMPY Z ABAŻURAMI";139.000000;170.97;90;0
1970;https://localhost/prestashop/img/p/1/9/4/8/1948.jpg;"Klasyczna Lampa Wisząca z Abażurami";;"LAMPY Z ABAŻURAMI";149.000000;183.27;90;0
1971;https://localhost/prestashop/img/p/1/9/4/9/1949.jpg;"Lampa Abażur Diament Plafon Wiele Kolorów";;"LAMPY Z ABAŻURAMI";99.000000;121.77;90;0
1972;https://localhost/prestashop/img/p/1/9/5/0/1950.jpg;"Lampa Wisząca Abażur Okrągły Liście Koronka Pojedyncza";;"LAMPY Z ABAŻURAMI";59.000000;72.57;90;0
1973;https://localhost/prestashop/img/p/1/9/5/1/1951.jpg;"Lampa Wisząca z Abażurem Dziecięce Wzory";;"LAMPY Z ABAŻURAMI";59.000000;72.57;90;0
1974;https://localhost/prestashop/img/p/1/9/5/2/1952.jpg;"Lampa Dziecięca Wisząca z Abażurem";;"LAMPY Z ABAŻURAMI";75.000000;92.25;90;0
1975;https://localhost/prestashop/img/p/1/9/5/3/1953.jpg;"Nowoczesna Lampa Wisząca z Abażurem Metalowa Dekoracja";;"LAMPY Z ABAŻURAMI";99.000000;121.77;90;0
1976;https://localhost/prestashop/img/p/1/9/5/4/1954.jpg;"Lampka Nocna Nowoczesna Abażur Diament Loft";;"LAMPY Z ABAŻURAMI";59.000000;72.57;90;0
1977;https://localhost/prestashop/img/p/1/9/5/5/1955.jpg;"Stylowa Lampka Nocna Biurkowa Abażur Diament";;"LAMPY Z ABAŻURAMI";89.000000;109.47;90;0
1978;https://localhost/prestashop/img/p/1/9/5/6/1956.jpg;"Nowoczesna Lampka Nocna Stołowa Trójnóg do Sypialni";;"LAMPY Z ABAŻURAMI";89.000000;109.47;90;0
1979;https://localhost/prestashop/img/p/1/9/5/7/1957.jpg;"Lampka Nocna Loft do Sypialni Abażur Stożek";;"LAMPY Z ABAŻURAMI";59.000000;72.57;90;0
1980;https://localhost/prestashop/img/p/1/9/5/8/1958.jpg;"Lampa Wisząca z Abażurem Kolorowa Nowoczesna";;"LAMPY Z ABAŻURAMI";49.980000;61.48;90;0
1981;https://localhost/prestashop/img/p/1/9/5/9/1959.jpg;"Nowoczesna Lampa wisząca Duży Abażur";;"LAMPY Z ABAŻURAMI";59.980000;73.78;90;0
1982;https://localhost/prestashop/img/p/1/9/6/0/1960.jpg;"Lampa Wisząca dla Dzieci Pojedyncza z Abażurem";;"LAMPY Z ABAŻURAMI";29.990000;36.89;90;0
1983;https://localhost/prestashop/img/p/1/9/6/1/1961.jpg;"Lampa Wisząca do Pokoju Dziecka Abażury we Wzory";;"LAMPY Z ABAŻURAMI";99.000000;121.77;90;0
1984;https://localhost/prestashop/img/p/1/9/6/2/1962.jpg;"Lampa Wisząca Dziecięca Sufitowa Abażury Regulacja";;"LAMPY Z ABAŻURAMI";119.000000;146.37;90;0
1985;https://localhost/prestashop/img/p/1/9/6/3/1963.jpg;"Lampa Wisząca Żyrandol Dziecięcy Abażury we Wzory";;"LAMPY Z ABAŻURAMI";119.000000;146.37;90;0
1986;https://localhost/prestashop/img/p/1/9/6/4/1964.jpg;"Lampka Mocna z Abażurem w Dziecięce Wzory";;"LAMPY Z ABAŻURAMI";89.000000;109.47;90;0
1987;https://localhost/prestashop/img/p/1/9/6/5/1965.jpg;"Lampka Stołowa Nocna Dziecięca Abażur Metal";;"LAMPY Z ABAŻURAMI";59.000000;72.57;90;0
1988;https://localhost/prestashop/img/p/1/9/6/6/1966.jpg;"Lampa Wisząca Pojedyncza Dziecięce Wzory Abażurów";;"LAMPY Z ABAŻURAMI";29.990000;36.89;90;0
1989;https://localhost/prestashop/img/p/1/9/6/7/1967.jpg;"Lampa Wisząca Sufitowa Regulowana Dziecięca Abażury";;"LAMPY Z ABAŻURAMI";119.000000;146.37;90;0
1990;https://localhost/prestashop/img/p/1/9/6/8/1968.jpg;"Lampa Sufitowa Dziecięcy Żyrandol z Abażurami Regulowany";;"LAMPY Z ABAŻURAMI";119.000000;146.37;90;0
1991;https://localhost/prestashop/img/p/1/9/6/9/1969.jpg;"Lampa Wisząca na Listwie Sufitowa Abażury";;"LAMPY Z ABAŻURAMI";99.000000;121.77;90;0
1992;https://localhost/prestashop/img/p/1/9/7/0/1970.jpg;"Lampa Wisząca z Abażurem Klasyczna Regulowana";;"LAMPY Z ABAŻURAMI";49.990000;61.49;90;0
1993;https://localhost/prestashop/img/p/1/9/7/1/1971.jpg;"Nowoczesny Kinkiet z Abażurem Lampa na Ścianę";;"LAMPY Z ABAŻURAMI";59.000000;72.57;90;0
1994;https://localhost/prestashop/img/p/1/9/7/2/1972.jpg;"Lampa Wisząca Sufitowa z Abażurem Nowoczesna Pojedyncza";;"LAMPY Z ABAŻURAMI";49.990000;61.49;90;0
1995;https://localhost/prestashop/img/p/1/9/7/3/1973.jpg;"Lampa Wisząca Żyrandol Regulowana Abażury";;"LAMPY Z ABAŻURAMI";125.000000;153.75;90;0
1996;https://localhost/prestashop/img/p/1/9/7/4/1974.jpg;"Lampa Wisząca Nowoczesna na Listwie Abażury Sufitowa";;"LAMPY Z ABAŻURAMI";99.000000;121.77;90;0
1997;https://localhost/prestashop/img/p/1/9/7/5/1975.jpg;"Kinkiet Nowoczesny z Abażurem Wiele Kolorów Lampa";;"LAMPY Z ABAŻURAMI";59.000000;72.57;90;0
1998;https://localhost/prestashop/img/p/1/9/7/6/1976.jpg;"Lampa Wisząca Pojedyncza Regulowana Nowoczesna Abażur";;"LAMPY Z ABAŻURAMI";69.000000;84.87;90;0
1999;https://localhost/prestashop/img/p/1/9/7/7/1977.jpg;"Lampa Regulowana Wisząca Sufitowa Abażur Materiał";;"LAMPY Z ABAŻURAMI";79.000000;97.17;90;0
2000;https://localhost/prestashop/img/p/1/9/7/8/1978.jpg;"Nowoczesna Lampa Wisząca z Abażurem Żarówka";;"LAMPY Z ABAŻURAMI";69.000000;84.87;90;0
2001;https://localhost/prestashop/img/p/1/9/7/9/1979.jpg;"Lampa Wisząca Sufitowa Abażur Pojedyncza Regulacja";;"LAMPY Z ABAŻURAMI";69.000000;84.87;90;0
2002;https://localhost/prestashop/img/p/1/9/8/0/1980.jpg;"Lampa z Abażurem Wisząca Nowoczesna Wiele Kolorów";;"LAMPY Z ABAŻURAMI";79.000000;97.17;90;0
2003;https://localhost/prestashop/img/p/1/9/8/1/1981.jpg;"Lampa Wisząca Dziecięca Abażur Wiele Wzorów";;"LAMPY Z ABAŻURAMI";59.000000;72.57;90;0
2004;https://localhost/prestashop/img/p/1/9/8/2/1982.jpg;"Lampa Wisząca Nowoczesna Modne Abażury";;"LAMPY Z ABAŻURAMI";59.000000;72.57;90;0
2005;https://localhost/prestashop/img/p/1/9/8/3/1983.jpg;"Lampa Wisząca Sufitowa Abażur w Modne Wzory Regulacja";;"LAMPY Z ABAŻURAMI";69.000000;84.87;90;0
2006;https://localhost/prestashop/img/p/1/9/8/4/1984.jpg;"Lampa Wisząca z Abażurem w Tropikalne Wzory Nowoczesna";;"LAMPY Z ABAŻURAMI";79.000000;97.17;90;0
2007;https://localhost/prestashop/img/p/1/9/8/5/1985.jpg;"Lampa Wisząca Nowoczesna Abażur Kwiaty Koronka";;"LAMPY Z ABAŻURAMI";79.000000;97.17;90;0
2008;https://localhost/prestashop/img/p/1/9/8/6/1986.jpg;"Nowoczesna Lampa Dziecięca z Abażurem Pająk";;"LAMPY Z ABAŻURAMI";69.000000;84.87;90;0
2009;https://localhost/prestashop/img/p/1/9/8/7/1987.jpg;"Lampa Wisząca do Pokoju Dziecka Abażur Nowoczesna";;"LAMPY Z ABAŻURAMI";109.000000;134.07;90;0
2010;https://localhost/prestashop/img/p/1/9/8/8/1988.jpg;"Lampa Wisząca Żyrandol z Abażurami do Pokoju Dziecka";;"LAMPY Z ABAŻURAMI";169.000000;207.87;90;0
2011;https://localhost/prestashop/img/p/1/9/8/9/1989.jpg;"Lampa Wisząca Sufitowa dla Dzieci Żyrandol z Abażurami";;"LAMPY Z ABAŻURAMI";209.000000;257.07;90;0
2012;https://localhost/prestashop/img/p/1/9/9/0/1990.jpg;"Lampa Wisząca Pająk z Abażurami w Dziecięce Wzory Żyrandol";;"LAMPY Z ABAŻURAMI";224.100000;275.64;90;0
2013;https://localhost/prestashop/img/p/1/9/9/1/1991.jpg;"Lampa Sufitowa Wisząca z Abażurem Pojedyncza";;"LAMPY Z ABAŻURAMI";69.000000;84.87;90;0
2014;https://localhost/prestashop/img/p/1/9/9/2/1992.jpg;"Nowoczesna Lampa Wisząca Pająk z Abażurami Żyrandol";;"LAMPY Z ABAŻURAMI";109.000000;134.07;90;0
2015;https://localhost/prestashop/img/p/1/9/9/3/1993.jpg;"Lampa Wisząca Żyrandol z Abażurami Designerska Sufitowa";;"LAMPY Z ABAŻURAMI";169.000000;207.87;90;0
2016;https://localhost/prestashop/img/p/1/9/9/4/1994.jpg;"Lampa Wisząca z Abażurami Nowoczesny Żyrandol";;"LAMPY Z ABAŻURAMI";209.000000;257.07;90;0
2017;https://localhost/prestashop/img/p/1/9/9/5/1995.jpg;"Nowoczesna Lampa Wisząca Abażury Diament Żyrandol";;"LAMPY Z ABAŻURAMI";249.000000;306.27;90;0
2018;https://localhost/prestashop/img/p/1/9/9/6/1996.jpg;"Lampa Wisząca Pojedyncza Abażur Stożek Pokój Dziecka";;"LAMPY Z ABAŻURAMI";75.000000;92.25;90;0
2019;https://localhost/prestashop/img/p/1/9/9/7/1997.jpg;"Lampa Podłogowa Stojąca z Abażurem 35 cm LED";;"LAMPY Z ABAŻURAMI";149.000000;183.27;90;0
2020;https://localhost/prestashop/img/p/1/9/9/8/1998.jpg;"Klasyczna Lampa Podłogowa Stojąca LED Abażur 40 cm";;"LAMPY Z ABAŻURAMI";149.000000;183.27;90;0
2021;https://localhost/prestashop/img/p/1/9/9/9/1999.jpg;"Nowoczesna Lampa Wisząca z Abażurami Żyrandol LED";;"LAMPY Z ABAŻURAMI";125.000000;153.75;90;0
2022;https://localhost/prestashop/img/p/2/0/0/0/2000.jpg;"Lampa Sufitowa Wisząca Żyrandol Abażury Regulacja";;"LAMPY Z ABAŻURAMI";125.000000;153.75;90;0
2023;https://localhost/prestashop/img/p/2/0/0/1/2001.jpg;"Nowoczesna Lampa Wisząca z Abażurami Wiele Kolorów";;"LAMPY Z ABAŻURAMI";95.000000;116.85;90;0
2024;https://localhost/prestashop/img/p/2/0/0/2/2002.jpg;"Lampa Wisząca Abażur Klasyczna Regulowana Zwis";;"LAMPY Z ABAŻURAMI";49.000000;60.27;90;0
2025;https://localhost/prestashop/img/p/2/0/0/3/2003.jpg;"Nowoczesna Lampa Wisząca Chrom Pojedyncza Abażur";;"LAMPY Z ABAŻURAMI";80.000000;98.4;90;0
2026;https://localhost/prestashop/img/p/2/0/0/4/2004.jpg;"Klasyczna Lampa Wisząca z Abażurami Regulacja Chrom";;"LAMPY Z ABAŻURAMI";159.000000;195.57;90;0
2027;https://localhost/prestashop/img/p/2/0/0/5/2005.jpg;"Lampa Sufitowa Żyrandol z Abażurami Chrom";;"LAMPY Z ABAŻURAMI";153.000000;188.19;90;0
2028;https://localhost/prestashop/img/p/2/0/0/6/2006.jpg;"Nowoczesna Lampa z Abażurami Chrom Sufitowa";;"LAMPY Z ABAŻURAMI";189.000000;232.47;90;0
2029;https://localhost/prestashop/img/p/2/0/0/7/2007.jpg;"Lampa Wisząca Regulowana z Abażurami Chromowana";;"LAMPY Z ABAŻURAMI";199.000000;244.77;90;0
2030;https://localhost/prestashop/img/p/2/0/0/8/2008.jpg;"Nowoczesny Kinkiet Lampa z Abażurem Chrom";;"LAMPY Z ABAŻURAMI";79.000000;97.17;90;0
2031;https://localhost/prestashop/img/p/2/0/0/9/2009.jpg;"Klasyczna Lampa Stojąca Podłogowa z Abażurem";;"LAMPY Z ABAŻURAMI";119.000000;146.37;90;0
2032;https://localhost/prestashop/img/p/2/0/1/0/2010.jpg;"Lampa Wisząca Pojedyncza z Abażurem Wiele Kolorów";;"LAMPY Z ABAŻURAMI";45.000000;55.35;90;0
2033;https://localhost/prestashop/img/p/2/0/1/1/2011.jpg;"Lampa Wisząca z Abażurami Klasyczna Elegancka";;"LAMPY Z ABAŻURAMI";95.000000;116.85;90;0
2034;https://localhost/prestashop/img/p/2/0/1/2/2012.jpg;"Nowoczesna Lampa Wisząca Abażur Regulacja LED";;"LAMPY Z ABAŻURAMI";119.000000;146.37;90;0
2035;https://localhost/prestashop/img/p/2/0/1/3/2013.jpg;"Stylowa Lampa Wisząca z Abażurami Regulowana";;"LAMPY Z ABAŻURAMI";125.000000;153.75;90;0
2036;https://localhost/prestashop/img/p/2/0/1/4/2014.jpg;"Stylowy Kinkiet z Abażurem Wiele Kolorów";;"LAMPY Z ABAŻURAMI";59.000000;72.57;90;0
2037;https://localhost/prestashop/img/p/2/0/1/5/2015.jpg;"Lampa Wisząca z Abażurem we Wzory Liście Regulacja";;"LAMPY Z ABAŻURAMI";35.000000;43.05;90;0
2038;https://localhost/prestashop/img/p/2/0/1/6/2016.jpg;"Modna Lampa Wisząca z Abażurami w Liście Regulacja";;"LAMPY Z ABAŻURAMI";89.000000;109.47;90;0
2039;https://localhost/prestashop/img/p/2/0/1/7/2017.jpg;"Lampa Wisząca Sufitowa Abażury Liście Regulowana";;"LAMPY Z ABAŻURAMI";119.000000;146.37;90;0
2040;https://localhost/prestashop/img/p/2/0/1/8/2018.jpg;"Stylowa Lampa Wisząca z Abażurami Diament Liście";;"LAMPY Z ABAŻURAMI";119.000000;146.37;90;0
2041;https://localhost/prestashop/img/p/2/0/1/9/2019.jpg;"Lampa Wisząca z Abażurem Złoty Środek LED";;"LAMPY Z ABAŻURAMI";109.000000;134.07;90;0
2042;https://localhost/prestashop/img/p/2/0/2/0/2020.jpg;"Nowoczesna Lampa Wisząca Abażur Złota Regulowana";;"LAMPY Z ABAŻURAMI";125.000000;153.75;90;0
2043;https://localhost/prestashop/img/p/2/0/2/1/2021.jpg;"Stylowa Lampa Wisząca Regulowana z Abażurem Złoty Środek";;"LAMPY Z ABAŻURAMI";55.000000;67.65;90;0
2044;https://localhost/prestashop/img/p/2/0/2/2/2022.jpg;"Lampa Wisząca z Abażurem Złota na Listwie";;"LAMPY Z ABAŻURAMI";119.000000;146.37;90;0
2045;https://localhost/prestashop/img/p/2/0/2/3/2023.jpg;"Lampa Wisząca Nowoczesna z Abażurami na Listwie Złoty Środek";;"LAMPY Z ABAŻURAMI";139.000000;170.97;90;0
2046;https://localhost/prestashop/img/p/2/0/2/4/2024.jpg;"Lampa Wisząca Abażury ze Złotym Środkiem Regulacja";;"LAMPY Z ABAŻURAMI";149.000000;183.27;90;0
2047;https://localhost/prestashop/img/p/2/0/2/5/2025.jpg;"Kinkiet z Abażurem Złoty Środek Metal Lampa";;"LAMPY Z ABAŻURAMI";75.000000;92.25;90;0
2048;https://localhost/prestashop/img/p/2/0/2/6/2026.jpg;"Lampa Sufitowa z Abażurami Liście Regulowana";;"LAMPY Z ABAŻURAMI";119.000000;146.37;90;0
2049;https://localhost/prestashop/img/p/2/0/2/7/2027.jpg;"Lampa Wisząca do Pokoju Dziecka Abażur we Wzory";;"LAMPY Z ABAŻURAMI";49.000000;60.27;90;0
2050;https://localhost/prestashop/img/p/2/0/2/8/2028.jpg;"Lampa Wisząca Dziecięca Abażury we Wzory Regulacja";;"LAMPY Z ABAŻURAMI";119.000000;146.37;90;0
2051;https://localhost/prestashop/img/p/2/0/2/9/2029.jpg;"Lampa Wisząca z Abażurami we Wzory do Pokoju Dziecięcego";;"LAMPY Z ABAŻURAMI";119.000000;146.37;90;0
2052;https://localhost/prestashop/img/p/2/0/3/0/2030.jpg;"Lampa Wisząca z Abażurami w Dziecięce Wzory Regulowana";;"LAMPY Z ABAŻURAMI";89.000000;109.47;90;0
2053;https://localhost/prestashop/img/p/2/0/3/1/2031.jpg;"Pojedyncza Lampa Wisząca z Abażurem w Liście Wzory";;"LAMPY Z ABAŻURAMI";49.000000;60.27;90;0
2054;https://localhost/prestashop/img/p/2/0/3/2/2032.jpg;"Nowoczesna Lampa Wisząca z Abażurami w Liście Regulowana";;"LAMPY Z ABAŻURAMI";89.000000;109.47;90;0
2055;https://localhost/prestashop/img/p/2/0/3/3/2033.jpg;"Lampa Wisząca Regulowana Abażury we Wzory Liście";;"LAMPY Z ABAŻURAMI";119.000000;146.37;90;0
2056;https://localhost/prestashop/img/p/2/0/3/4/2034.jpg;"Lampa Wisząca z Abażurami w Liście Regulacja LED";;"LAMPY Z ABAŻURAMI";119.000000;146.37;90;0
2057;https://localhost/prestashop/img/p/2/0/3/5/2035.jpg;"Nowoczesna Lampa Stojąca z Abażurem Złoty Środek";;"LAMPY Z ABAŻURAMI";189.000000;232.47;90;0
2058;https://localhost/prestashop/img/p/2/0/3/6/2036.jpg;"Lampa Stojąca Drewniana Trójnóg Abażur ze Złotym Wnętrzem";;"LAMPY Z ABAŻURAMI";229.000000;281.67;90;0
2059;https://localhost/prestashop/img/p/2/0/3/7/2037.jpg;"Lampka Nocna Stołowa Loft z Abażurem";;"LAMPY Z ABAŻURAMI";69.000000;84.87;90;0
2060;https://localhost/prestashop/img/p/2/0/3/8/2038.jpg;"Lampa Stojąca Metalowa z Abażurem Złoty Środek";;"LAMPY Z ABAŻURAMI";199.000000;244.77;90;0
2061;https://localhost/prestashop/img/p/2/0/3/9/2039.jpg;"Lampa Podłogowa Drewniana Stojąca Trójnóg z Abażurem";;"LAMPY Z ABAŻURAMI";239.000000;293.97;90;0
2062;https://localhost/prestashop/img/p/2/0/4/0/2040.jpg;"Pojedyncza Lampa Wisząca z Abażurem w Kolorowe Wzory";;"LAMPY Z ABAŻURAMI";40.000000;49.2;90;0
2063;https://localhost/prestashop/img/p/2/0/4/1/2041.jpg;"Lampa Wisząca Regulowana z Abażurami we Wzory";;"LAMPY Z ABAŻURAMI";99.000000;121.77;90;0
2064;https://localhost/prestashop/img/p/2/0/4/2/2042.jpg;"Nowoczesna Lampa Wisząca z Abażurami w Kolorowe Wzory";;"LAMPY Z ABAŻURAMI";119.000000;146.37;90;0
2065;https://localhost/prestashop/img/p/2/0/4/3/2043.jpg;"Lampa Wisząca Nowoczesna Abażury we Wzory";;"LAMPY Z ABAŻURAMI";119.000000;146.37;90;0
2066;https://localhost/prestashop/img/p/2/0/4/4/2044.jpg;"Nowoczesna Lampa Sufitowa Żyrandol Abażury we Wzory";;"LAMPY Z ABAŻURAMI";119.000000;146.37;90;0
2067;https://localhost/prestashop/img/p/2/0/4/5/2045.jpg;"Nowoczesna Lampa Wisząca Pojedyncza z Kolorowym Abażurem Regulowana";;"LAMPY Z ABAŻURAMI";40.000000;49.2;90;0
2068;https://localhost/prestashop/img/p/2/0/4/6/2046.jpg;"Lampa Wisząca Dziecięca z Abażurem w Kolorowe Wzory";;"LAMPY Z ABAŻURAMI";59.000000;72.57;90;0
2069;https://localhost/prestashop/img/p/2/0/4/7/2047.jpg;"Nowoczesna Lampa Wisząca Abażur we Wzory Pokój Dziecka";;"LAMPY Z ABAŻURAMI";69.000000;84.87;90;0
2070;https://localhost/prestashop/img/p/2/0/4/8/2048.jpg;"Lampa Wisząca z Abażurem w Kolorowe Wzory Nowoczesna Dziecięca";;"LAMPY Z ABAŻURAMI";79.000000;97.17;90;0
2071;https://localhost/prestashop/img/p/2/0/4/9/2049.jpg;"Nowoczesna Lampa Stojąca Dziecięca Abażur we Wzory";;"LAMPY Z ABAŻURAMI";159.000000;195.57;90;0
2072;https://localhost/prestashop/img/p/2/0/5/0/2050.jpg;"Lampa Stojąca Podłogowa z Abażurem w Kolorowe Wzory";;"LAMPY Z ABAŻURAMI";199.000000;244.77;90;0
2073;https://localhost/prestashop/img/p/2/0/5/1/2051.jpg;"Lampa Wisząca Pojedyncza Abażur Diament Złoty Środek";;"LAMPY Z ABAŻURAMI";59.000000;72.57;90;0
2074;https://localhost/prestashop/img/p/2/0/5/2/2052.jpg;"Lampa Wisząca Nowoczesna Abażury Diament Złote";;"LAMPY Z ABAŻURAMI";119.000000;146.37;90;0
2075;https://localhost/prestashop/img/p/2/0/5/3/2053.jpg;"Czarna Lampa Wisząca z Abażurami Diament Złoty Środek";;"LAMPY Z ABAŻURAMI";134.100000;164.94;90;0
2076;https://localhost/prestashop/img/p/2/0/5/4/2054.jpg;"Czarna Lampa Sufitowa Żyrandol z Abażurami Diament Złote Wnętrze";;"LAMPY Z ABAŻURAMI";149.000000;183.27;90;0
2077;https://localhost/prestashop/img/p/2/0/5/5/2055.jpg;"Nowoczesna Lampa Wisząca Czarna ze Złotymi Abażurami Diament";;"LAMPY Z ABAŻURAMI";149.000000;183.27;90;0
2078;https://localhost/prestashop/img/p/2/0/5/6/2056.jpg;"Lampa Wisząca Pojedyncza z Abażurem Dziecięca";;"LAMPY Z ABAŻURAMI";49.000000;60.27;90;0
2079;https://localhost/prestashop/img/p/2/0/5/7/2057.jpg;"Lampa Wisząca z Abażurami Kolorowa Nowoczesna";;"LAMPY Z ABAŻURAMI";99.000000;121.77;90;0
2080;https://localhost/prestashop/img/p/2/0/5/8/2058.jpg;"Lampa Wisząca z Abażurami Nowoczesna Dziecięca";;"LAMPY Z ABAŻURAMI";129.000000;158.67;90;0
2081;https://localhost/prestashop/img/p/2/0/5/9/2059.jpg;"Lampa Wisząca z Kolorowymi Abażurami LED";;"LAMPY Z ABAŻURAMI";129.000000;158.67;90;0
2082;https://localhost/prestashop/img/p/2/0/6/0/2060.jpg;"Lampa Stojąca z Abażurem Kolorowa Nowoczesna LED";;"LAMPY Z ABAŻURAMI";149.000000;183.27;90;0
2083;https://localhost/prestashop/img/p/2/0/6/1/2061.jpg;"Lampa Wisząca do Pokoju Dziecka Kolorowa Regulowana";;"LAMPY Z ABAŻURAMI";69.000000;84.87;90;0
2084;https://localhost/prestashop/img/p/2/0/6/2/2062.jpg;"Nowoczesna Lampa Wisząca Złoty Abażur Diament";;"LAMPY Z ABAŻURAMI";89.000000;109.47;90;0
2085;https://localhost/prestashop/img/p/2/0/6/3/2063.jpg;"Lampa Wisząca Pająk ze Złotymi Abażurami Diament";;"LAMPY Z ABAŻURAMI";139.000000;170.97;90;0
2086;https://localhost/prestashop/img/p/2/0/6/4/2064.jpg;"Lampa Wisząca z Abażurami Diament Złote Wnętrza";;"LAMPY Z ABAŻURAMI";199.000000;244.77;90;0
2087;https://localhost/prestashop/img/p/2/0/6/5/2065.jpg;"Lampa Wisząca Żyrandol z Abażurami Diament Złoto";;"LAMPY Z ABAŻURAMI";249.000000;306.27;90;0
2088;https://localhost/prestashop/img/p/2/0/6/6/2066.jpg;"Stylowa Lampa Wisząca Żyrandol LED ze Złotymi Abażurami Diament";;"LAMPY Z ABAŻURAMI";299.000000;367.77;90;0
2089;https://localhost/prestashop/img/p/2/0/6/7/2067.jpg;"Lampa Wisząca Pojedyncza z Kolorowym Abażurem do Pokoju Dziecka";;"LAMPY Z ABAŻURAMI";95.000000;116.85;90;0
2090;https://localhost/prestashop/img/p/2/0/6/8/2068.jpg;"Nowoczesna Lampa Wisząca z Abażurami Dziecięca Kolorowa";;"LAMPY Z ABAŻURAMI";149.000000;183.27;90;0
2091;https://localhost/prestashop/img/p/2/0/6/9/2069.jpg;"Lampa Wisząca z Abażurami Pająk Dziecięca LED";;"LAMPY Z ABAŻURAMI";219.000000;269.37;90;0
2092;https://localhost/prestashop/img/p/2/0/7/0/2070.jpg;"Nowoczesna Lampa Wisząca Kolorowa z Abażurami Pająk";;"LAMPY Z ABAŻURAMI";269.000000;330.87;90;0
2093;https://localhost/prestashop/img/p/2/0/7/1/2071.jpg;"Lampa Wisząca Żyrandol z Abażurami LED";;"LAMPY Z ABAŻURAMI";329.000000;404.67;90;0
2094;https://localhost/prestashop/img/p/2/0/7/2/2072.jpg;"Lampa Wisząca Pająk z Kolorowym Abażurem Nowoczesna Dziecięca";;"LAMPY Z ABAŻURAMI";79.000000;97.17;90;0
2095;https://localhost/prestashop/img/p/2/0/7/3/2073.jpg;"Lampa Wisząca Nowoczesna z Kolorowymi Abażurami";;"LAMPY Z ABAŻURAMI";119.000000;146.37;90;0
2096;https://localhost/prestashop/img/p/2/0/7/4/2074.jpg;"Lampa Wisząca Pająk Kolorowe Abażury";;"LAMPY Z ABAŻURAMI";159.000000;195.57;90;0
2097;https://localhost/prestashop/img/p/2/0/7/5/2075.jpg;"Lampa Wisząca Nowoczesna Pająk z Abażurami";;"LAMPY Z ABAŻURAMI";209.000000;257.07;90;0
2098;https://localhost/prestashop/img/p/2/0/7/6/2076.jpg;"Nowoczesna Lampa Wisząca Żyrandol Pająk z Abażurami";;"LAMPY Z ABAŻURAMI";239.000000;293.97;90;0
2099;https://localhost/prestashop/img/p/2/0/7/7/2077.jpg;"Lampa Wisząca do Pokoju Dziecka Abażur Sowy";;"LAMPY Z ABAŻURAMI";53.000000;65.19;90;0
2100;https://localhost/prestashop/img/p/2/0/7/8/2078.jpg;"Nowoczesna Lampa Wisząca Dziecięca Abażur Mapa";;"LAMPY Z ABAŻURAMI";53.000000;65.19;90;0
2101;https://localhost/prestashop/img/p/2/0/7/9/2079.jpg;"Lampa Wisząca Dziecięca Abażur Jednorożec";;"LAMPY Z ABAŻURAMI";53.000000;65.19;90;0
2102;https://localhost/prestashop/img/p/2/0/8/0/2080.jpg;"Lampa Wisząca Dziecięca z Abażurem w Różowe Sowy";;"LAMPY Z ABAŻURAMI";53.000000;65.19;90;0
2103;https://localhost/prestashop/img/p/2/0/8/1/2081.jpg;"Nowoczesna Lampa Wisząca Abażur w Kolorowe Zygzaki";;"LAMPY Z ABAŻURAMI";53.000000;65.19;90;0
2104;https://localhost/prestashop/img/p/2/0/8/2/2082.jpg;"Lampa Wisząca Pojedyncza z Abażurem we Wzory";;"LAMPY Z ABAŻURAMI";53.000000;65.19;90;0
2105;https://localhost/prestashop/img/p/2/0/8/3/2083.jpg;"Nowoczesna Lampa Wisząca z Abażurem w Zygzaki";;"LAMPY Z ABAŻURAMI";53.000000;65.19;90;0
2106;https://localhost/prestashop/img/p/2/0/8/4/2084.jpg;"Lampa Wisząca do Kuchni Abażur Coffe";;"LAMPY Z ABAŻURAMI";53.000000;65.19;90;0
2107;https://localhost/prestashop/img/p/2/0/8/5/2085.jpg;"Lampa Wisząca Pojedyncza Kolorowa Pająk Abażur";;"LAMPY Z ABAŻURAMI";99.000000;121.77;90;0
2108;https://localhost/prestashop/img/p/2/0/8/6/2086.jpg;"Lampa Wisząca Dziecięca z Abażurem Piłki";;"LAMPY Z ABAŻURAMI";69.000000;84.87;90;0
2109;https://localhost/prestashop/img/p/2/0/8/7/2087.jpg;"Lampka Nocna z Abażurem w Stylu Loft";;"LAMPY Z ABAŻURAMI";49.000000;60.27;90;0
2110;https://localhost/prestashop/img/p/2/0/8/8/2088.jpg;"Żarówka Halogen Dekoracyjna Duża Kula 42W";;"ŹRÓDŁA ŚWIATŁA";23.500000;28.91;90;0
2111;https://localhost/prestashop/img/p/2/0/8/9/2089.jpg;"Żarówka LED E27 Ciepła Kulka 7W 55W";;"ŹRÓDŁA ŚWIATŁA";7.900000;9.72;90;0
2112;https://localhost/prestashop/img/p/2/0/9/0/2090.jpg;"Żarówka LED Filament A60 E27 Ciepła 6W 48W";;"ŹRÓDŁA ŚWIATŁA";13.990000;17.21;90;0
2113;https://localhost/prestashop/img/p/2/0/9/1/2091.jpg;"Żarówka LED E27 Ciepła 10W 60W";;"ŹRÓDŁA ŚWIATŁA";8.600000;10.58;90;0
2114;https://localhost/prestashop/img/p/2/0/9/2/2092.jpg;"Żarówka LED E27 Zimna Kulka 7W 55W";;"ŹRÓDŁA ŚWIATŁA";7.900000;9.72;90;0
2115;https://localhost/prestashop/img/p/2/0/9/3/2093.jpg;"Żarówka LED E27 Zimna Kulka 3W 25W";;"ŹRÓDŁA ŚWIATŁA";6.990000;8.6;90;0
2116;https://localhost/prestashop/img/p/2/0/9/4/2094.jpg;"Żarówka LED G9 Ciepły 3W 24W";;"ŹRÓDŁA ŚWIATŁA";13.990000;17.21;90;0
2117;https://localhost/prestashop/img/p/2/0/9/5/2095.jpg;"Żarówka Edison Dekoracyjna Duża Kula Retro 40W";;"ŹRÓDŁA ŚWIATŁA";25.900000;31.86;90;0
2118;https://localhost/prestashop/img/p/2/0/9/6/2096.jpg;"Żarówka LED E27 Ciepła Kulka 3W 25W";;"ŹRÓDŁA ŚWIATŁA";6.990000;8.6;90;0
2119;https://localhost/prestashop/img/p/2/0/9/7/2097.jpg;"Żarówka LED Filament E27 Ciepła 8W G120 Dekoracyjna";;"ŹRÓDŁA ŚWIATŁA";29.990000;36.89;90;0
2120;https://localhost/prestashop/img/p/2/0/9/8/2098.jpg;"Żarówka LED E27 Zimna 10W 80W";;"ŹRÓDŁA ŚWIATŁA";8.900000;10.95;90;0
2121;https://localhost/prestashop/img/p/2/0/9/9/2099.jpg;"Żarówka Edison Dekoracyjna Duża Łza E27 40W";;"ŹRÓDŁA ŚWIATŁA";19.900000;24.48;90;0
2122;https://localhost/prestashop/img/p/2/1/0/0/2100.jpg;"Żarówka LED E27 Neutralna 12W 100W";;"ŹRÓDŁA ŚWIATŁA";8.900000;10.95;90;0
2123;https://localhost/prestashop/img/p/2/1/0/1/2101.jpg;"Żarówka Edison Dekoracyjna Ozdobna E27 40W";;"ŹRÓDŁA ŚWIATŁA";19.900000;24.48;90;0
2124;https://localhost/prestashop/img/p/2/1/0/2/2102.jpg;"Żarówka LED E27 Ciepła 12W 77W";;"ŹRÓDŁA ŚWIATŁA";9.900000;12.18;90;0
2125;https://localhost/prestashop/img/p/2/1/0/3/2103.jpg;"Żarówka LED GU10 Ciepła Kulka 7W 55W";;"ŹRÓDŁA ŚWIATŁA";9.490000;11.67;90;0
2126;https://localhost/prestashop/img/p/2/1/0/4/2104.jpg;"Żarówka LED E27 Zimna 12W 77W";;"ŹRÓDŁA ŚWIATŁA";11.990000;14.75;90;0
2127;https://localhost/prestashop/img/p/.jpg;;;"ŹRÓDŁA ŚWIATŁA";5.990000;7.37;;0
2128;https://localhost/prestashop/img/p/2/1/0/5/2105.jpg;"Żarówka LED Filament E14 G45 Ciepła 4W 35W";;"ŹRÓDŁA ŚWIATŁA";10.990000;13.52;90;0
2129;https://localhost/prestashop/img/p/2/1/0/6/2106.jpg;"Żarówka LED Filament E27 4W Ozdobna G45";;"ŹRÓDŁA ŚWIATŁA";11.990000;14.75;90;0
2130;https://localhost/prestashop/img/p/2/1/0/7/2107.jpg;"Żarówka LED E14 Zimna Kulka 3W 25W";;"ŹRÓDŁA ŚWIATŁA";6.990000;8.6;90;0
2131;https://localhost/prestashop/img/p/2/1/0/8/2108.jpg;"Żarówka LED GU10 Zimna Kulka 3W 25W";;"ŹRÓDŁA ŚWIATŁA";6.990000;8.6;90;0
2132;https://localhost/prestashop/img/p/2/1/0/9/2109.jpg;"Żarówka LED E14 Ciepła Kulka 3W 25W";;"ŹRÓDŁA ŚWIATŁA";6.990000;8.6;90;0
2133;https://localhost/prestashop/img/p/2/1/1/0/2110.jpg;"Żarówka LED E14 Ciepła Kulka 7W 55W";;"ŹRÓDŁA ŚWIATŁA";8.990000;11.06;90;0
2134;https://localhost/prestashop/img/p/2/1/1/1/2111.jpg;"Żarówka LED E14 Zimna Kulka 7W 55W";;"ŹRÓDŁA ŚWIATŁA";8.990000;11.06;90;0
2135;https://localhost/prestashop/img/p/2/1/1/2/2112.jpg;"Żarówka LED E27 Neutralna 10W 90W";;"ŹRÓDŁA ŚWIATŁA";8.900000;10.95;90;0
2136;https://localhost/prestashop/img/p/2/1/1/3/2113.jpg;"Żarówka LED AR111 GU10 Neutralna";;"ŹRÓDŁA ŚWIATŁA";19.990000;24.59;90;0
2137;https://localhost/prestashop/img/p/2/1/1/4/2114.jpg;"Żarówka LED AR111 GU10 Ciepła";;"ŹRÓDŁA ŚWIATŁA";19.990000;24.59;90;0
2138;https://localhost/prestashop/img/p/2/1/1/5/2115.jpg;"Żarówka LED FILAMENT A60 E27 6W 48W Neutralna";;"ŹRÓDŁA ŚWIATŁA";13.990000;17.21;90;0
